ticker,name,start_date,end_date,source
A,Agilent Technologies,2000-06-05,,fja05680_sp500_updated
AABA,,1999-12-08,2017-06-18,fja05680_sp500_updated
AAL,American Airlines Group,1996-01-02,1997-01-14,fja05680_sp500_updated
AAL,American Airlines Group,2015-03-23,2024-09-22,fja05680_sp500_updated
AAMRQ,,1996-01-02,2003-03-13,fja05680_sp500_updated
AAP,,2015-07-09,2023-08-24,fja05680_sp500_updated
AAPL,Apple Inc.,1996-01-02,,fja05680_sp500_updated
ABBV,AbbVie,2013-01-02,,fja05680_sp500_updated
ABC,,2001-08-30,2023-08-29,fja05680_sp500_updated
ABI,,1996-01-02,2008-11-23,fja05680_sp500_updated
ABKFQ,,2000-12-11,2008-06-10,fja05680_sp500_updated
ABMD,,2018-05-31,2022-12-21,fja05680_sp500_updated
ABNB,Airbnb,2023-09-18,,fja05680_sp500_updated
ABS,,1996-01-02,2006-06-01,fja05680_sp500_updated
ABT,Abbott Laboratories,1996-01-02,,fja05680_sp500_updated
ABX,,1996-01-02,2002-07-21,fja05680_sp500_updated
ACAS,,2007-07-09,2009-03-03,fja05680_sp500_updated
ACGL,Arch Capital Group,2022-11-01,,fja05680_sp500_updated
ACKH,,1996-01-02,2000-11-16,fja05680_sp500_updated
ACN,Accenture,2011-07-06,,fja05680_sp500_updated
ACS,,2004-04-02,2010-02-07,fja05680_sp500_updated
ACV,,1996-01-02,2006-11-16,fja05680_sp500_updated
ADBE,Adobe Inc.,1997-05-06,,fja05680_sp500_updated
ADCT,,1999-08-02,2007-07-01,fja05680_sp500_updated
ADI,Analog Devices,1999-10-12,,fja05680_sp500_updated
ADM,Archer Daniels Midland,1996-01-02,,fja05680_sp500_updated
ADP,Automatic Data Processing,1996-01-02,,fja05680_sp500_updated
ADS,,2013-12-23,2020-06-21,fja05680_sp500_updated
ADSK,Autodesk,1996-01-02,,fja05680_sp500_updated
ADT,ADT Inc.,2012-10-02,2016-05-01,fja05680_sp500_updated
AEE,Ameren,1996-01-02,,fja05680_sp500_updated
AEP,American Electric Power,1996-01-02,,fja05680_sp500_updated
AES,AES Corporation,1998-10-02,,fja05680_sp500_updated
AET,,1996-01-02,2018-11-28,fja05680_sp500_updated
AFL,Aflac,1999-05-28,,fja05680_sp500_updated
AFS.A,,1998-04-08,2000-11-30,fja05680_sp500_updated
AGC,,1996-01-02,2001-08-28,fja05680_sp500_updated
AGN,,1996-01-02,2020-05-11,fja05680_sp500_updated
AIG,American International Group,1996-01-02,,fja05680_sp500_updated
AIV,,2003-03-14,2020-12-20,fja05680_sp500_updated
AIZ,Assurant,2007-04-10,,fja05680_sp500_updated
AJG,Arthur J. Gallagher & Co.,2016-05-31,,fja05680_sp500_updated
AKAM,Akamai Technologies,2007-07-12,,fja05680_sp500_updated
AKS,,2008-07-01,2011-12-18,fja05680_sp500_updated
AL,Air Lease Corporation,1996-01-02,2002-07-21,fja05680_sp500_updated
ALB,Albemarle Corporation,2016-07-01,,fja05680_sp500_updated
ALGN,Align Technology,2017-06-19,,fja05680_sp500_updated
ALK,Alaska Air Group,2016-05-13,2023-10-17,fja05680_sp500_updated
ALL,Allstate,1996-01-02,,fja05680_sp500_updated
ALLE,Allegion,2013-12-02,,fja05680_sp500_updated
ALTR,,2000-04-18,2015-12-27,fja05680_sp500_updated
ALXN,,2012-05-25,2021-07-20,fja05680_sp500_updated
AM,Antero Midstream,1996-01-02,2004-05-02,fja05680_sp500_updated
AMAT,Applied Materials,1996-01-02,,fja05680_sp500_updated
AMCC,,2001-01-02,2006-05-17,fja05680_sp500_updated
AMCR,Amcor,2019-06-07,,fja05680_sp500_updated
AMD,Advanced Micro Devices,1996-01-02,2013-09-22,fja05680_sp500_updated
AMD,Advanced Micro Devices,2017-03-20,,fja05680_sp500_updated
AME,Ametek,2013-09-23,,fja05680_sp500_updated
AMG,Affiliated Managers Group,2014-07-01,2019-12-22,fja05680_sp500_updated
AMGN,Amgen,1996-01-02,,fja05680_sp500_updated
AMP,Ameriprise Financial,1996-01-02,1999-04-04,fja05680_sp500_updated
AMP,Ameriprise Financial,2005-10-03,,fja05680_sp500_updated
AMT,American Tower,2007-11-19,,fja05680_sp500_updated
AMTM,Amentum,2024-09-30,2024-12-22,fja05680_sp500_updated
AMZN,Amazon,2005-11-21,,fja05680_sp500_updated
AN,AutoNation,1996-01-02,1999-01-03,fja05680_sp500_updated
AN,AutoNation,2003-02-24,2017-08-07,fja05680_sp500_updated
ANDV,,2007-09-27,2018-09-30,fja05680_sp500_updated
ANDW,,1996-01-02,2006-10-01,fja05680_sp500_updated
ANET,Arista Networks,2018-08-28,,fja05680_sp500_updated
ANF,,2007-03-29,2013-12-22,fja05680_sp500_updated
ANRZQ,,2011-06-02,2012-10-01,fja05680_sp500_updated
ANSS,,2017-06-19,2025-07-17,fja05680_sp500_updated
ANTM,,2002-07-25,2022-06-27,fja05680_sp500_updated
AON,Aon plc,1996-04-23,,fja05680_sp500_updated
AOS,A. O. Smith,2017-07-26,,fja05680_sp500_updated
APA,APA Corporation,1997-07-28,,fja05680_sp500_updated
APC,,1997-07-28,2019-08-08,fja05680_sp500_updated
APCC,,2000-06-01,2007-02-14,fja05680_sp500_updated
APD,Air Products,1996-01-02,,fja05680_sp500_updated
APH,Amphenol,2008-09-30,,fja05680_sp500_updated
APO,Apollo Global Management,2024-12-23,,fja05680_sp500_updated
APOL,,2002-05-15,2013-06-30,fja05680_sp500_updated
APP,AppLovin,2025-09-22,,fja05680_sp500_updated
APTV,Aptiv,2012-12-24,,fja05680_sp500_updated
ARC,,1996-01-02,2000-04-17,fja05680_sp500_updated
ARE,Alexandria Real Estate Equities,2017-03-20,,fja05680_sp500_updated
ARES,Ares Management,2025-12-11,,fja05680_sp500_updated
ARG,,2009-09-09,2016-05-22,fja05680_sp500_updated
ARNC,,1996-01-02,2020-04-05,fja05680_sp500_updated
ASH,Ashland Global,1996-01-02,2008-11-13,fja05680_sp500_updated
ASN,,2004-12-20,2007-10-07,fja05680_sp500_updated
ASO,,1999-03-10,2006-11-05,fja05680_sp500_updated
AT,,1996-01-02,2007-11-18,fja05680_sp500_updated
ATGE,,2009-06-09,2012-09-30,fja05680_sp500_updated
ATI,ATI Inc.,1996-01-02,2015-07-01,fja05680_sp500_updated
ATO,Atmos Energy,2019-02-15,,fja05680_sp500_updated
ATVI,,2015-08-31,2023-10-17,fja05680_sp500_updated
AV,,2000-10-02,2007-10-25,fja05680_sp500_updated
AVB,AvalonBay Communities,2007-01-10,,fja05680_sp500_updated
AVGO,Broadcom,2014-05-08,,fja05680_sp500_updated
AVP,,1996-01-02,2015-03-22,fja05680_sp500_updated
AVY,Avery Dennison,1996-01-02,,fja05680_sp500_updated
AW,,1999-08-02,2008-12-04,fja05680_sp500_updated
AWE,,2001-07-09,2004-10-26,fja05680_sp500_updated
AWK,American Water Works,2016-03-04,,fja05680_sp500_updated
AXON,Axon Enterprise,2023-05-04,,fja05680_sp500_updated
AXP,American Express,1996-01-02,,fja05680_sp500_updated
AYE,,2000-12-11,2011-02-27,fja05680_sp500_updated
AYI,Acuity Brands,2016-05-03,2018-06-17,fja05680_sp500_updated
AZA.A,,1996-01-02,2001-06-24,fja05680_sp500_updated
AZO,AutoZone,1997-01-02,,fja05680_sp500_updated
BA,Boeing,1996-01-02,,fja05680_sp500_updated
BAC,Bank of America,1996-01-02,,fja05680_sp500_updated
BALL,Ball Corporation,2022-05-10,,fja05680_sp500_updated
BAX,Baxter International,1996-01-02,,fja05680_sp500_updated
BBBY,,1999-10-01,2017-07-25,fja05680_sp500_updated
BBT,,1997-12-04,2019-12-08,fja05680_sp500_updated
BBWI,"Bath & Body Works, Inc.",2021-08-03,2024-09-30,fja05680_sp500_updated
BBY,Best Buy,1999-06-30,,fja05680_sp500_updated
BC,Brunswick Corporation,1996-01-02,2008-06-22,fja05680_sp500_updated
BCR,,1996-01-02,2017-12-28,fja05680_sp500_updated
BDK,,1996-01-02,2010-03-14,fja05680_sp500_updated
BDX,Becton Dickinson,1996-01-02,,fja05680_sp500_updated
BEAM,,1996-01-02,2014-04-30,fja05680_sp500_updated
BEN,Franklin Templeton Investments,1998-04-29,,fja05680_sp500_updated
BF.B,Brown–Forman (Class B),1996-01-02,,fja05680_sp500_updated
BFO,,1996-01-02,2000-10-02,fja05680_sp500_updated
BG,Bunge Global,2023-03-15,,fja05680_sp500_updated
BGEN,,2000-01-31,2003-11-12,fja05680_sp500_updated
BGG,,1996-01-02,2001-04-02,fja05680_sp500_updated
BHF,Brighthouse Financial,2017-08-07,2019-04-01,fja05680_sp500_updated
BHGE,,1996-01-02,2019-10-17,fja05680_sp500_updated
BHMSQ,,1996-01-02,2000-12-10,fja05680_sp500_updated
BIG,,1998-01-20,2013-02-13,fja05680_sp500_updated
BIIB,Biogen,2003-11-13,,fja05680_sp500_updated
BIO,Bio-Rad Laboratories,2020-06-22,2024-09-22,fja05680_sp500_updated
BJS,,2002-05-15,2010-04-28,fja05680_sp500_updated
BK,,1996-01-02,2026-05-20,fja05680_sp500_updated
BKNG,Booking Holdings,2009-11-06,,fja05680_sp500_updated
BKR,Baker Hughes,2019-10-18,,fja05680_sp500_updated
BLDR,Builders FirstSource,2023-10-18,,fja05680_sp500_updated
BLK,BlackRock,2011-04-04,,fja05680_sp500_updated
BLL,,1996-01-02,2022-05-09,fja05680_sp500_updated
BLS,,1996-01-02,2007-01-02,fja05680_sp500_updated
BMC,,1998-10-01,2013-09-10,fja05680_sp500_updated
BMET,,1996-01-02,2007-07-11,fja05680_sp500_updated
BMS,,1996-01-02,2014-12-04,fja05680_sp500_updated
BMY,Bristol Myers Squibb,1996-01-02,,fja05680_sp500_updated
BNI,,1996-01-02,2010-02-15,fja05680_sp500_updated
BOL,,1996-01-02,2007-10-28,fja05680_sp500_updated
BR,Broadridge Financial Solutions,1996-01-02,2006-04-02,fja05680_sp500_updated
BR,Broadridge Financial Solutions,2018-06-18,,fja05680_sp500_updated
BRCM,,2000-07-03,2016-01-31,fja05680_sp500_updated
BRK.B,Berkshire Hathaway,2010-02-16,,fja05680_sp500_updated
BRL,,2006-02-27,2008-12-22,fja05680_sp500_updated
BRO,Brown & Brown,2021-09-20,,fja05680_sp500_updated
BSC,,1998-07-01,2008-06-01,fja05680_sp500_updated
BSX,Boston Scientific,1996-01-02,,fja05680_sp500_updated
BTUUQ,,2006-11-20,2014-09-21,fja05680_sp500_updated
BUD,,1996-01-02,2008-11-17,fja05680_sp500_updated
BVSN,,2000-11-06,2001-09-03,fja05680_sp500_updated
BWA,BorgWarner,2011-12-19,2025-03-23,fja05680_sp500_updated
BX,Blackstone Inc.,2023-09-18,,fja05680_sp500_updated
BXLT,,2015-07-01,2016-06-02,fja05680_sp500_updated
BXP,"BXP, Inc.",2006-04-03,,fja05680_sp500_updated
C,Citigroup,1996-01-02,,fja05680_sp500_updated
CA,,1996-01-02,2018-11-05,fja05680_sp500_updated
CAG,Conagra Brands,1996-01-02,,fja05680_sp500_updated
CAH,Cardinal Health,1997-05-27,,fja05680_sp500_updated
CAM,,2008-01-29,2016-04-03,fja05680_sp500_updated
CAR,Avis Budget Group,1996-01-02,2006-07-31,fja05680_sp500_updated
CARR,Carrier Global,2020-04-03,,fja05680_sp500_updated
CAT,Caterpillar Inc.,1996-01-02,,fja05680_sp500_updated
CB,Chubb Limited,1996-01-02,,fja05680_sp500_updated
CBE,,1996-01-02,2009-09-08,fja05680_sp500_updated
CBE,,2011-11-23,2012-12-02,fja05680_sp500_updated
CBH,,2006-06-06,2008-03-30,fja05680_sp500_updated
CBOE,Cboe Global Markets,2017-03-01,,fja05680_sp500_updated
CBRE,CBRE Group,2006-11-10,,fja05680_sp500_updated
CBS,,1996-01-02,2019-12-04,fja05680_sp500_updated
CBSS,,2004-12-20,2007-09-06,fja05680_sp500_updated
CCE,,1998-10-08,2016-05-30,fja05680_sp500_updated
CCEP,,2016-01-04,2016-05-30,fja05680_sp500_updated
CCI,Crown Castle,1996-01-02,1998-10-07,fja05680_sp500_updated
CCI,Crown Castle,2012-03-13,,fja05680_sp500_updated
CCK,Crown Holdings,1996-01-02,2000-12-10,fja05680_sp500_updated
CCL,Carnival Corporation,1998-12-22,,fja05680_sp500_updated
CCTYQ,,1996-01-02,2008-03-30,fja05680_sp500_updated
CCU,,1997-09-02,2008-07-30,fja05680_sp500_updated
CDAY,,2021-09-20,2024-01-31,fja05680_sp500_updated
CDNS,Cadence Design Systems,2017-09-18,,fja05680_sp500_updated
CDW,CDW,2019-09-23,,fja05680_sp500_updated
CE,Celanese,2001-04-02,2004-02-26,fja05680_sp500_updated
CE,Celanese,2018-12-24,2025-03-23,fja05680_sp500_updated
CEG,Constellation Energy,1996-01-02,2012-03-12,fja05680_sp500_updated
CEG,Constellation Energy,2022-02-02,,fja05680_sp500_updated
CELG,,2006-11-06,2019-11-20,fja05680_sp500_updated
CEN,,1996-01-02,2001-04-01,fja05680_sp500_updated
CEPH,,2008-11-17,2011-10-13,fja05680_sp500_updated
CERN,,2010-04-30,2022-06-07,fja05680_sp500_updated
CF,CF Industries,2000-06-19,2004-08-31,fja05680_sp500_updated
CF,CF Industries,2008-08-27,,fja05680_sp500_updated
CFC,,1997-06-18,2008-06-30,fja05680_sp500_updated
CFG,Citizens Financial Group,2016-02-01,,fja05680_sp500_updated
CFN,,2009-09-01,2015-03-16,fja05680_sp500_updated
CG,Carlyle Group (The),1996-01-02,2000-11-01,fja05680_sp500_updated
CGP,,1996-01-02,2001-01-29,fja05680_sp500_updated
CHA,,1996-01-02,2000-06-18,fja05680_sp500_updated
CHD,Church & Dwight,2015-12-29,,fja05680_sp500_updated
CHIR,,2000-11-24,2006-04-19,fja05680_sp500_updated
CHK,,2006-03-03,2018-03-18,fja05680_sp500_updated
CHRW,C.H. Robinson,2007-03-02,,fja05680_sp500_updated
CHTR,Charter Communications,2016-09-08,,fja05680_sp500_updated
CI,Cigna,1996-01-02,,fja05680_sp500_updated
CIEN,Ciena,2001-08-30,2009-12-20,fja05680_sp500_updated
CIEN,Ciena,2026-02-09,,fja05680_sp500_updated
CIN,,1996-01-02,2006-04-02,fja05680_sp500_updated
CINF,Cincinnati Financial,1997-12-18,,fja05680_sp500_updated
CIT.A,,2000-07-17,2001-06-03,fja05680_sp500_updated
CITGQ,,2004-10-27,2009-07-26,fja05680_sp500_updated
CL,Colgate-Palmolive,1996-01-02,,fja05680_sp500_updated
CLF,Cleveland-Cliffs,2009-12-21,2014-04-01,fja05680_sp500_updated
CLX,Clorox,1996-01-02,,fja05680_sp500_updated
CMA,,1996-01-02,2024-06-23,fja05680_sp500_updated
CMCSA,Comcast,1996-01-02,,fja05680_sp500_updated
CMCSK,,2015-09-21,2015-12-13,fja05680_sp500_updated
CME,CME Group,2006-08-11,,fja05680_sp500_updated
CMG,Chipotle Mexican Grill,2011-04-28,,fja05680_sp500_updated
CMI,Cummins,1996-01-02,,fja05680_sp500_updated
CMS,CMS Energy,1999-05-03,,fja05680_sp500_updated
CMVT,,1999-10-27,2007-01-31,fja05680_sp500_updated
CMX,,2004-03-25,2007-03-22,fja05680_sp500_updated
CNC,Centene,1997-01-15,2002-07-24,fja05680_sp500_updated
CNC,Centene,2016-03-30,,fja05680_sp500_updated
CNG,,1996-01-02,2000-01-30,fja05680_sp500_updated
CNP,Centerpoint Energy,1996-01-02,,fja05680_sp500_updated
CNX,,2006-06-28,2016-03-03,fja05680_sp500_updated
CNXT,,2000-01-31,2002-06-25,fja05680_sp500_updated
COC.B,,1999-08-09,2002-09-02,fja05680_sp500_updated
COF,Capital One,1998-07-01,,fja05680_sp500_updated
COG,,2008-06-23,2021-10-03,fja05680_sp500_updated
COIN,Coinbase,2025-05-19,,fja05680_sp500_updated
COL,,2001-07-02,2018-11-26,fja05680_sp500_updated
COMS,,1996-01-02,2000-07-27,fja05680_sp500_updated
COO,Cooper Companies (The),2016-09-23,,fja05680_sp500_updated
COP,ConocoPhillips,1996-01-02,,fja05680_sp500_updated
COR,Cencora,2023-08-30,,fja05680_sp500_updated
COST,Costco,1996-01-02,,fja05680_sp500_updated
COTY,Coty,2016-10-03,2020-09-20,fja05680_sp500_updated
COV,,1996-01-02,1996-08-15,fja05680_sp500_updated
COV,,2007-07-02,2009-06-04,fja05680_sp500_updated
COV,,2011-03-01,2015-01-26,fja05680_sp500_updated
CPAY,Corpay,2024-03-25,,fja05680_sp500_updated
CPB,Campbell Soup Company,1996-01-02,,fja05680_sp500_updated
CPGX,,2015-07-02,2016-06-30,fja05680_sp500_updated
CPNLQ,,2000-12-01,2005-12-01,fja05680_sp500_updated
CPQ,,1996-01-02,2002-05-05,fja05680_sp500_updated
CPRI,,2016-01-04,2020-05-11,fja05680_sp500_updated
CPRT,Copart,2018-07-02,,fja05680_sp500_updated
CPT,Camden Property Trust,2022-04-04,,fja05680_sp500_updated
CPWR,,1999-01-04,2012-01-02,fja05680_sp500_updated
CR,Crane Co.,1996-01-02,2004-12-19,fja05680_sp500_updated
CRH,CRH plc,2025-12-22,,fja05680_sp500_updated
CRL,Charles River Laboratories,2021-05-14,,fja05680_sp500_updated
CRM,Salesforce,2008-09-15,,fja05680_sp500_updated
CRWD,CrowdStrike,2024-06-24,,fja05680_sp500_updated
CSCO,Cisco,1996-01-02,,fja05680_sp500_updated
CSGP,CoStar Group,2022-09-19,,fja05680_sp500_updated
CSR,,1996-01-02,2000-06-15,fja05680_sp500_updated
CSRA,,2015-11-30,2018-04-03,fja05680_sp500_updated
CSX,CSX Corporation,1996-01-02,,fja05680_sp500_updated
CTAS,Cintas,2001-03-01,,fja05680_sp500_updated
CTB,,1996-01-02,2006-07-17,fja05680_sp500_updated
CTL,,1999-03-25,2020-09-17,fja05680_sp500_updated
CTLT,,2020-09-21,2024-12-22,fja05680_sp500_updated
CTRA,,2021-10-04,2026-05-06,fja05680_sp500_updated
CTSH,Cognizant,2006-11-17,,fja05680_sp500_updated
CTVA,Corteva,2019-06-03,,fja05680_sp500_updated
CTX,,1996-01-02,2009-08-18,fja05680_sp500_updated
CTXS,,1999-12-01,2022-10-02,fja05680_sp500_updated
CVC,,2010-12-20,2016-06-20,fja05680_sp500_updated
CVG,,2000-06-13,2009-12-20,fja05680_sp500_updated
CVH,,2005-08-30,2013-05-06,fja05680_sp500_updated
CVNA,Carvana,2025-12-22,,fja05680_sp500_updated
CVS,CVS Health,1996-01-02,,fja05680_sp500_updated
CVX,Chevron Corporation,1996-01-02,,fja05680_sp500_updated
CXO,,2016-02-22,2021-01-20,fja05680_sp500_updated
CZR,Caesars Entertainment,2021-03-22,2025-09-21,fja05680_sp500_updated
D,Dominion Energy,1996-01-02,,fja05680_sp500_updated
DAL,Delta Air Lines,2013-09-11,,fja05680_sp500_updated
DALRQ,,1996-01-02,2005-08-18,fja05680_sp500_updated
DASH,DoorDash,2025-03-24,,fja05680_sp500_updated
DAY,,2024-02-01,2026-02-08,fja05680_sp500_updated
DCNAQ,,1996-01-02,2006-03-02,fja05680_sp500_updated
DD,DuPont,1996-01-02,2017-08-31,fja05680_sp500_updated
DD,DuPont,2019-06-03,,fja05680_sp500_updated
DDOG,Datadog,2025-07-09,,fja05680_sp500_updated
DDR,,2007-03-23,2009-03-29,fja05680_sp500_updated
DDS,Dillard's,1996-01-02,2008-10-21,fja05680_sp500_updated
DE,Deere & Company,1996-01-02,,fja05680_sp500_updated
DECK,Deckers Brands,2024-03-18,,fja05680_sp500_updated
DELL,Dell Technologies,1996-09-06,2013-10-28,fja05680_sp500_updated
DELL,Dell Technologies,2024-09-23,,fja05680_sp500_updated
DF,,2006-04-03,2013-05-23,fja05680_sp500_updated
DFS,,2007-07-02,2025-05-18,fja05680_sp500_updated
DG,Dollar General,1998-07-16,2007-07-08,fja05680_sp500_updated
DG,Dollar General,2012-12-03,,fja05680_sp500_updated
DGX,Quest Diagnostics,2002-12-12,,fja05680_sp500_updated
DHI,D. R. Horton,2005-07-05,,fja05680_sp500_updated
DHR,Danaher Corporation,1998-11-18,,fja05680_sp500_updated
DIS,Walt Disney Company (The),1996-01-02,,fja05680_sp500_updated
DISCA,,2010-03-01,2022-04-10,fja05680_sp500_updated
DISCK,,2014-08-07,2022-04-10,fja05680_sp500_updated
DISH,,2017-03-13,2023-06-19,fja05680_sp500_updated
DJ,,1996-01-02,2007-12-13,fja05680_sp500_updated
DLR,Digital Realty,2016-05-18,,fja05680_sp500_updated
DLTR,Dollar Tree,2011-12-19,,fja05680_sp500_updated
DLX,,1996-01-02,2004-12-19,fja05680_sp500_updated
DNB,,2008-12-02,2017-04-04,fja05680_sp500_updated
DNR,,2009-04-02,2015-03-22,fja05680_sp500_updated
DO,,2009-02-26,2016-10-02,fja05680_sp500_updated
DOC,Healthpeak Properties,2024-03-04,,fja05680_sp500_updated
DOV,Dover Corporation,1996-01-02,,fja05680_sp500_updated
DOW,Dow Inc.,1996-01-02,2017-08-31,fja05680_sp500_updated
DOW,Dow Inc.,2019-04-02,,fja05680_sp500_updated
DPHIQ,,1999-05-28,2005-10-10,fja05680_sp500_updated
DPZ,Domino's,2020-05-12,,fja05680_sp500_updated
DRE,,2017-07-26,2022-10-02,fja05680_sp500_updated
DRI,Darden Restaurants,1996-01-02,,fja05680_sp500_updated
DTE,DTE Energy,1996-01-02,,fja05680_sp500_updated
DTV,,2006-12-04,2015-07-26,fja05680_sp500_updated
DUK,Duke Energy,1996-01-02,,fja05680_sp500_updated
DVA,DaVita,2008-07-31,,fja05680_sp500_updated
DVN,Devon Energy,2000-08-30,,fja05680_sp500_updated
DWDP,,2017-09-01,2019-06-02,fja05680_sp500_updated
DXC,DXC Technology,1996-01-02,2015-11-30,fja05680_sp500_updated
DXC,DXC Technology,2017-04-04,2023-10-01,fja05680_sp500_updated
DXCM,Dexcom,2020-05-12,,fja05680_sp500_updated
DYN,,2000-10-03,2009-12-20,fja05680_sp500_updated
EA,Electronic Arts,2002-07-22,,fja05680_sp500_updated
EBAY,eBay,2002-07-22,,fja05680_sp500_updated
EC,,1996-01-02,2006-06-05,fja05680_sp500_updated
ECL,Ecolab,1996-01-02,,fja05680_sp500_updated
ED,Consolidated Edison,1996-01-02,,fja05680_sp500_updated
EDS,,1998-08-11,2008-08-25,fja05680_sp500_updated
EFU,,1996-01-02,2000-11-01,fja05680_sp500_updated
EFX,Equifax,1997-06-19,,fja05680_sp500_updated
EG,Everest Group,2023-07-10,,fja05680_sp500_updated
EHC,Encompass Health,1997-01-08,2003-03-20,fja05680_sp500_updated
EIX,Edison International,1996-01-02,,fja05680_sp500_updated
EKDKQ,,1996-01-02,2010-12-19,fja05680_sp500_updated
EL,Estée Lauder Companies (The),2006-01-05,,fja05680_sp500_updated
ELV,Elevance Health,2022-06-28,,fja05680_sp500_updated
EMC,,1996-03-28,2016-09-06,fja05680_sp500_updated
EME,Emcor,2025-09-22,,fja05680_sp500_updated
EMN,Eastman Chemical Company,1996-01-02,2025-11-03,fja05680_sp500_updated
EMR,Emerson Electric,1996-01-02,,fja05680_sp500_updated
ENDP,,2015-01-27,2017-03-01,fja05680_sp500_updated
ENPH,Enphase Energy,2021-01-07,2025-09-21,fja05680_sp500_updated
ENRNQ,,1996-01-02,2001-11-29,fja05680_sp500_updated
EOG,EOG Resources,2000-11-02,,fja05680_sp500_updated
EOP,,2001-10-10,2007-02-11,fja05680_sp500_updated
EP,,1999-10-26,2012-05-24,fja05680_sp500_updated
EPAM,EPAM Systems,2021-12-14,2026-06-01,fja05680_sp500_updated
EQ,,2006-05-18,2009-06-30,fja05680_sp500_updated
EQIX,Equinix,2015-03-23,,fja05680_sp500_updated
EQR,Equity Residential,2001-12-03,,fja05680_sp500_updated
EQT,EQT Corporation,2008-12-19,2018-11-12,fja05680_sp500_updated
EQT,EQT Corporation,2022-10-03,,fja05680_sp500_updated
ERIE,Erie Indemnity,2024-09-23,,fja05680_sp500_updated
ES,Eversource Energy,2009-03-17,,fja05680_sp500_updated
ESRX,,2003-09-26,2018-12-20,fja05680_sp500_updated
ESS,Essex Property Trust,2014-04-02,,fja05680_sp500_updated
ESV,,2007-01-04,2009-12-22,fja05680_sp500_updated
ESV,,2012-07-31,2016-03-29,fja05680_sp500_updated
ETFC,,2004-04-01,2020-10-06,fja05680_sp500_updated
ETN,Eaton Corporation,1996-01-02,,fja05680_sp500_updated
ETR,Entergy,1996-01-02,,fja05680_sp500_updated
ETS,,1996-01-02,2001-08-05,fja05680_sp500_updated
ETSY,Etsy,2020-09-21,2024-09-22,fja05680_sp500_updated
EVHC,,2016-12-02,2018-10-10,fja05680_sp500_updated
EVRG,Evergy,2018-06-05,,fja05680_sp500_updated
EW,Edwards Lifesciences,2011-04-01,,fja05680_sp500_updated
EXC,Exelon,1996-01-02,,fja05680_sp500_updated
EXE,Expand Energy,2025-03-24,,fja05680_sp500_updated
EXPD,Expeditors International,2007-10-10,,fja05680_sp500_updated
EXPE,Expedia Group,2007-10-02,,fja05680_sp500_updated
EXR,Extra Space Storage,2016-01-19,,fja05680_sp500_updated
F,Ford Motor Company,1996-01-02,,fja05680_sp500_updated
FANG,Diamondback Energy,2018-12-03,,fja05680_sp500_updated
FAST,Fastenal,2008-09-15,,fja05680_sp500_updated
FB,,2013-12-23,2022-06-08,fja05680_sp500_updated
FBF,,1996-01-02,2004-03-31,fja05680_sp500_updated
FBHS,,2016-06-24,2022-12-18,fja05680_sp500_updated
FCPT,,2015-11-10,2015-11-16,fja05680_sp500_updated
FCX,Freeport-McMoRan,1996-01-02,,fja05680_sp500_updated
FDC,,1996-01-02,2007-09-24,fja05680_sp500_updated
FDO,,2001-08-06,2015-07-06,fja05680_sp500_updated
FDS,FactSet,2021-12-20,,fja05680_sp500_updated
FDX,FedEx,1996-01-02,,fja05680_sp500_updated
FE,FirstEnergy,1996-01-02,,fja05680_sp500_updated
FFIV,"F5, Inc.",2010-12-20,,fja05680_sp500_updated
FHN,First Horizon Corporation,2002-05-06,2013-06-23,fja05680_sp500_updated
FI,,2023-06-07,2025-11-10,fja05680_sp500_updated
FICO,Fair Isaac,2023-03-20,,fja05680_sp500_updated
FII,,2003-04-16,2013-01-01,fja05680_sp500_updated
FIS,Fidelity National Information Services,2006-11-10,,fja05680_sp500_updated
FISV,Fiserv,2001-04-02,2023-06-06,fja05680_sp500_updated
FISV,Fiserv,2025-11-11,,fja05680_sp500_updated
FITB,Fifth Third Bancorp,1996-03-08,,fja05680_sp500_updated
FIX,Comfort Systems USA,2025-12-22,,fja05680_sp500_updated
FJ,,1996-01-02,2000-11-23,fja05680_sp500_updated
FL,,1996-01-02,1999-01-03,fja05680_sp500_updated
FL,,2016-04-04,2019-08-08,fja05680_sp500_updated
FLIR,,2009-01-02,2021-05-13,fja05680_sp500_updated
FLR,,2000-12-22,2019-06-02,fja05680_sp500_updated
FLS,Flowserve,2008-10-02,2021-03-21,fja05680_sp500_updated
FLT,,2018-06-20,2024-03-24,fja05680_sp500_updated
FLTWQ,,1996-01-02,2000-01-30,fja05680_sp500_updated
FMC,FMC Corporation,1996-01-02,2002-01-01,fja05680_sp500_updated
FMC,FMC Corporation,2009-08-19,2025-03-23,fja05680_sp500_updated
FMCC,,1996-01-02,2008-09-10,fja05680_sp500_updated
FNMA,,1996-01-02,2008-09-10,fja05680_sp500_updated
FOSL,,2012-04-04,2016-01-04,fja05680_sp500_updated
FOX,Fox Corporation (Class B),2015-09-21,,fja05680_sp500_updated
FOXA,Fox Corporation (Class A),2004-12-20,,fja05680_sp500_updated
FPC,,1999-06-22,2000-11-30,fja05680_sp500_updated
FRC,,2019-01-02,2023-05-03,fja05680_sp500_updated
FRT,Federal Realty Investment Trust,2016-02-01,,fja05680_sp500_updated
FRX,,2000-11-22,2014-06-30,fja05680_sp500_updated
FSH,,2004-08-03,2006-11-09,fja05680_sp500_updated
FSL,,2004-12-03,2006-12-03,fja05680_sp500_updated
FSLR,First Solar,2009-10-16,2017-03-19,fja05680_sp500_updated
FSLR,First Solar,2022-12-19,,fja05680_sp500_updated
FTI,TechnipFMC,2009-06-05,2021-02-11,fja05680_sp500_updated
FTNT,Fortinet,2018-10-11,,fja05680_sp500_updated
FTR,,2001-02-27,2017-03-19,fja05680_sp500_updated
FTV,Fortive,2016-07-05,,fja05680_sp500_updated
FWLT,,1996-01-02,2000-01-30,fja05680_sp500_updated
G,Genpact,1996-01-02,2005-10-02,fja05680_sp500_updated
GAPTQ,,1996-01-02,2000-08-29,fja05680_sp500_updated
GAS,,1996-01-02,2011-12-11,fja05680_sp500_updated
GAS,,2011-12-13,2016-06-30,fja05680_sp500_updated
GD,General Dynamics,1996-01-02,,fja05680_sp500_updated
GDDY,GoDaddy,2024-06-24,,fja05680_sp500_updated
GDT,,1996-12-19,2006-04-23,fja05680_sp500_updated
GDW,,1996-01-02,2006-10-01,fja05680_sp500_updated
GE,GE Aerospace,1996-01-02,,fja05680_sp500_updated
GEHC,GE HealthCare,2023-01-04,,fja05680_sp500_updated
GEN,Gen Digital,2022-11-08,,fja05680_sp500_updated
GENZ,,2001-12-14,2011-04-03,fja05680_sp500_updated
GEV,GE Vernova,2024-04-03,,fja05680_sp500_updated
GGP,,2007-07-02,2008-11-12,fja05680_sp500_updated
GGP,,2013-12-10,2018-08-27,fja05680_sp500_updated
GHC,,2007-12-31,2014-09-21,fja05680_sp500_updated
GILD,Gilead Sciences,2004-07-01,,fja05680_sp500_updated
GIS,General Mills,1996-01-02,,fja05680_sp500_updated
GL,Globe Life,2019-08-08,,fja05680_sp500_updated
GLK,,1996-01-02,2005-07-04,fja05680_sp500_updated
GLW,Corning Inc.,1996-01-02,,fja05680_sp500_updated
GM,General Motors,1996-01-02,2009-06-02,fja05680_sp500_updated
GM,General Motors,2013-06-07,,fja05680_sp500_updated
GMCR,,2014-03-24,2016-03-02,fja05680_sp500_updated
GME,GameStop,2007-12-14,2016-04-24,fja05680_sp500_updated
GNRC,Generac,2021-03-22,,fja05680_sp500_updated
GNW,,2005-12-02,2015-11-17,fja05680_sp500_updated
GOOG,Alphabet (Class C),2014-04-03,,fja05680_sp500_updated
GOOGL,Alphabet (Class A),2006-04-03,,fja05680_sp500_updated
GP,,1996-01-02,2005-12-19,fja05680_sp500_updated
GPC,Genuine Parts Company,1996-01-02,,fja05680_sp500_updated
GPN,Global Payments,2016-04-25,,fja05680_sp500_updated
GPS,,1996-01-02,2022-02-01,fja05680_sp500_updated
GPU,,1996-01-02,2001-11-06,fja05680_sp500_updated
GR,,1996-01-02,2012-07-26,fja05680_sp500_updated
GRA,,1996-01-02,2000-12-10,fja05680_sp500_updated
GRMN,Garmin,2012-12-12,,fja05680_sp500_updated
GS,Goldman Sachs,2002-07-22,,fja05680_sp500_updated
GT,,1996-01-02,2019-02-26,fja05680_sp500_updated
GTE,,1996-01-02,2000-07-02,fja05680_sp500_updated
GTW,,1998-04-27,2006-07-31,fja05680_sp500_updated
GWW,W. W. Grainger,1996-01-02,,fja05680_sp500_updated
GX,,1999-09-29,2001-10-09,fja05680_sp500_updated
H,Hyatt Hotels,1996-01-02,2001-06-28,fja05680_sp500_updated
H,Hyatt Hotels,2006-08-01,2007-04-09,fja05680_sp500_updated
HAL,Halliburton,1996-01-02,,fja05680_sp500_updated
HAR,,2006-02-01,2017-03-12,fja05680_sp500_updated
HAS,Hasbro,1996-01-02,,fja05680_sp500_updated
HBAN,Huntington Bancshares,1997-08-06,,fja05680_sp500_updated
HBI,,2015-03-23,2021-12-19,fja05680_sp500_updated
HCA,HCA Healthcare,1996-01-02,2006-11-19,fja05680_sp500_updated
HCA,HCA Healthcare,2015-01-27,,fja05680_sp500_updated
HCBK,,2007-02-15,2015-11-01,fja05680_sp500_updated
HCP,,2008-03-31,2019-11-04,fja05680_sp500_updated
HCR,,1998-09-28,2007-11-08,fja05680_sp500_updated
HD,Home Depot (The),1996-01-02,,fja05680_sp500_updated
HES,,1996-01-02,2025-07-22,fja05680_sp500_updated
HET,,1996-01-02,2008-01-28,fja05680_sp500_updated
HFC,,2018-06-18,2021-06-03,fja05680_sp500_updated
HI,,1996-01-02,2003-03-30,fja05680_sp500_updated
HIG,Hartford (The),1996-01-02,,fja05680_sp500_updated
HII,Huntington Ingalls Industries,2018-01-03,,fja05680_sp500_updated
HLT,Hilton Worldwide,1996-01-02,2007-10-24,fja05680_sp500_updated
HLT,Hilton Worldwide,2017-06-19,,fja05680_sp500_updated
HM,,1996-01-02,2001-12-16,fja05680_sp500_updated
HMA,,2001-11-07,2007-03-01,fja05680_sp500_updated
HNZ,,1996-01-02,2013-06-06,fja05680_sp500_updated
HOG,Harley-Davidson,2000-01-31,2020-06-21,fja05680_sp500_updated
HOLX,,2016-03-30,2026-04-08,fja05680_sp500_updated
HON,Honeywell,1996-01-02,,fja05680_sp500_updated
HOOD,Robinhood Markets,2025-09-22,,fja05680_sp500_updated
HOT,,2000-11-17,2016-09-22,fja05680_sp500_updated
HP,,1996-01-02,1999-12-30,fja05680_sp500_updated
HP,,2010-03-01,2020-05-21,fja05680_sp500_updated
HPC,,1996-01-02,2008-11-13,fja05680_sp500_updated
HPE,Hewlett Packard Enterprise,2015-11-02,,fja05680_sp500_updated
HPQ,HP Inc.,1996-01-02,,fja05680_sp500_updated
HRB,H&R Block,1996-01-02,2020-09-20,fja05680_sp500_updated
HRL,Hormel Foods,2009-03-04,,fja05680_sp500_updated
HRS,,1996-01-02,1999-11-07,fja05680_sp500_updated
HRS,,2008-09-22,2019-05-31,fja05680_sp500_updated
HSH,,1996-01-02,2012-06-28,fja05680_sp500_updated
HSIC,Schein (Henry),2015-03-18,,fja05680_sp500_updated
HSP,,2004-05-03,2015-09-02,fja05680_sp500_updated
HST,Host Hotels & Resorts,2007-03-20,,fja05680_sp500_updated
HSY,Hershey Company (The),1996-01-02,,fja05680_sp500_updated
HUBB,Hubbell Incorporated,2023-10-18,,fja05680_sp500_updated
HUM,Humana,1996-01-02,,fja05680_sp500_updated
HWM,Howmet Aerospace,2020-04-06,,fja05680_sp500_updated
IAC,IAC Inc.,2006-12-01,2008-08-20,fja05680_sp500_updated
IBKR,Interactive Brokers,2025-08-28,,fja05680_sp500_updated
IBM,IBM,1996-01-02,,fja05680_sp500_updated
ICE,Intercontinental Exchange,2007-09-26,,fja05680_sp500_updated
IDXX,Idexx Laboratories,2017-01-05,,fja05680_sp500_updated
IEX,IDEX Corporation,2019-08-09,,fja05680_sp500_updated
IFF,International Flavors & Fragrances,1996-01-02,,fja05680_sp500_updated
IGT,,2001-09-04,2014-06-19,fja05680_sp500_updated
IKN,,1996-01-02,2000-06-28,fja05680_sp500_updated
ILMN,"Illumina, Inc.",2015-11-19,2024-06-23,fja05680_sp500_updated
IMNX,,2001-09-21,2002-07-15,fja05680_sp500_updated
INCLF,,1996-01-02,2002-07-21,fja05680_sp500_updated
INCY,Incyte,2017-02-28,,fja05680_sp500_updated
INFO,,2017-06-02,2022-03-01,fja05680_sp500_updated
INTC,Intel,1996-01-02,,fja05680_sp500_updated
INTU,Intuit,2000-12-11,,fja05680_sp500_updated
INVH,Invitation Homes,2022-09-19,,fja05680_sp500_updated
IP,International Paper,1996-01-02,,fja05680_sp500_updated
IPG,,1996-01-02,2025-11-27,fja05680_sp500_updated
IPGP,IPG Photonics,2018-03-07,2022-06-20,fja05680_sp500_updated
IQV,IQVIA,2017-08-29,,fja05680_sp500_updated
IR,Ingersoll Rand,1996-01-02,2009-06-30,fja05680_sp500_updated
IR,Ingersoll Rand,2010-11-17,,fja05680_sp500_updated
IRM,Iron Mountain,2009-01-06,,fja05680_sp500_updated
ISRG,Intuitive Surgical,2008-06-02,,fja05680_sp500_updated
IT,Gartner,2017-04-05,,fja05680_sp500_updated
ITT,ITT Inc.,1996-01-02,2011-10-31,fja05680_sp500_updated
ITW,Illinois Tool Works,1996-01-02,,fja05680_sp500_updated
IVZ,Invesco,2008-08-21,,fja05680_sp500_updated
J,Jacobs Solutions,2019-12-10,,fja05680_sp500_updated
JAVA,,1996-01-02,2010-01-26,fja05680_sp500_updated
JBHT,J. B. Hunt,2015-07-01,,fja05680_sp500_updated
JBL,Jabil,2001-01-30,2014-11-04,fja05680_sp500_updated
JBL,Jabil,2023-10-18,,fja05680_sp500_updated
JCI,Johnson Controls,1996-01-02,,fja05680_sp500_updated
JCP,,1996-01-02,2013-12-01,fja05680_sp500_updated
JEC,,2007-10-26,2019-12-09,fja05680_sp500_updated
JEF,Jefferies Financial Group,2007-08-27,2019-09-25,fja05680_sp500_updated
JHF,,2001-06-29,2004-04-28,fja05680_sp500_updated
JKHY,Jack Henry & Associates,2018-11-13,,fja05680_sp500_updated
JNJ,Johnson & Johnson,1996-01-02,,fja05680_sp500_updated
JNPR,,2006-06-02,2025-07-08,fja05680_sp500_updated
JNS,,2000-07-13,2011-11-22,fja05680_sp500_updated
JNY,,2001-12-17,2009-03-03,fja05680_sp500_updated
JOS,,1996-01-02,2000-05-09,fja05680_sp500_updated
JOY,,2011-02-28,2015-10-07,fja05680_sp500_updated
JP,,1996-01-02,2006-04-02,fja05680_sp500_updated
JPM,JPMorgan Chase,1996-01-02,,fja05680_sp500_updated
JWN,,1996-01-02,2020-06-21,fja05680_sp500_updated
K,,1996-01-02,2025-12-10,fja05680_sp500_updated
KATE,,1996-01-02,2008-12-01,fja05680_sp500_updated
KBH,,1996-01-02,2009-12-20,fja05680_sp500_updated
KDP,Keurig Dr Pepper,2008-10-07,2018-07-01,fja05680_sp500_updated
KDP,Keurig Dr Pepper,2022-06-21,,fja05680_sp500_updated
KEY,Keycorp,1996-01-02,,fja05680_sp500_updated
KEYS,Keysight,2018-11-06,,fja05680_sp500_updated
KG,,2000-10-03,2010-12-19,fja05680_sp500_updated
KHC,Kraft Heinz,2015-07-06,,fja05680_sp500_updated
KIM,Kimco Realty,2006-04-03,,fja05680_sp500_updated
KKR,KKR & Co. Inc.,2024-06-24,,fja05680_sp500_updated
KLAC,KLA Corporation,1997-09-15,,fja05680_sp500_updated
KM,,1996-01-02,2002-01-16,fja05680_sp500_updated
KMB,Kimberly-Clark,1996-01-02,,fja05680_sp500_updated
KMG,,1996-01-02,2006-08-10,fja05680_sp500_updated
KMI,Kinder Morgan,2000-12-12,2007-05-30,fja05680_sp500_updated
KMI,Kinder Morgan,2012-05-25,,fja05680_sp500_updated
KMX,CarMax,2010-06-28,2025-10-30,fja05680_sp500_updated
KO,Coca-Cola Company (The),1996-01-02,,fja05680_sp500_updated
KORS,,2013-11-13,2018-09-18,fja05680_sp500_updated
KR,Kroger,1996-01-02,,fja05680_sp500_updated
KRB,,1996-01-02,2006-01-02,fja05680_sp500_updated
KRFT,,2012-10-02,2015-07-05,fja05680_sp500_updated
KRI,,1996-01-02,2006-06-27,fja05680_sp500_updated
KSE,,2000-08-21,2007-08-26,fja05680_sp500_updated
KSS,,1998-08-14,2020-09-20,fja05680_sp500_updated
KSU,,1999-04-05,2000-07-12,fja05680_sp500_updated
KSU,,2013-05-24,2021-12-13,fja05680_sp500_updated
KVUE,Kenvue,2023-08-25,,fja05680_sp500_updated
L,Loews Corporation,1996-01-02,,fja05680_sp500_updated
LB,,1996-01-02,2021-08-02,fja05680_sp500_updated
LDG,,1996-01-02,2001-07-01,fja05680_sp500_updated
LDOS,Leidos,2009-12-21,2013-09-22,fja05680_sp500_updated
LDOS,Leidos,2019-08-09,,fja05680_sp500_updated
LEG,,1999-10-18,2021-12-19,fja05680_sp500_updated
LEH,,1998-01-12,2008-09-16,fja05680_sp500_updated
LEN,Lennar (Class A),2005-10-04,,fja05680_sp500_updated
LH,Labcorp,2004-11-01,,fja05680_sp500_updated
LHX,L3Harris,2019-06-01,,fja05680_sp500_updated
LIFE,,2008-11-24,2014-01-23,fja05680_sp500_updated
LII,Lennox International,2024-12-23,,fja05680_sp500_updated
LIN,Linde plc,2018-11-06,,fja05680_sp500_updated
LKQ,LKQ Corporation,2016-05-23,2025-12-21,fja05680_sp500_updated
LLL,,2004-12-01,2019-06-30,fja05680_sp500_updated
LLTC,,2000-04-03,2017-03-12,fja05680_sp500_updated
LLY,Lilly (Eli),1996-01-02,,fja05680_sp500_updated
LM,,2006-04-24,2016-12-01,fja05680_sp500_updated
LMT,Lockheed Martin,1996-01-02,,fja05680_sp500_updated
LNC,Lincoln Financial,1996-01-02,2023-09-17,fja05680_sp500_updated
LNT,Alliant Energy,2016-07-01,,fja05680_sp500_updated
LO,,2008-06-11,2015-06-11,fja05680_sp500_updated
LOW,Lowe's,1996-01-02,,fja05680_sp500_updated
LPX,Louisiana-Pacific,1996-01-02,2006-11-09,fja05680_sp500_updated
LRCX,Lam Research,2012-06-05,,fja05680_sp500_updated
LSI,,1996-01-02,2014-05-06,fja05680_sp500_updated
LU,,1996-10-01,2006-11-30,fja05680_sp500_updated
LULU,Lululemon Athletica,2023-10-18,,fja05680_sp500_updated
LUMN,,2020-09-18,2023-03-19,fja05680_sp500_updated
LUV,Southwest Airlines,1996-01-02,,fja05680_sp500_updated
LVLT,,2014-11-05,2017-10-12,fja05680_sp500_updated
LVS,Las Vegas Sands,2019-10-03,,fja05680_sp500_updated
LW,Lamb Weston,2018-12-03,2026-03-22,fja05680_sp500_updated
LXK,,1999-08-13,2012-09-30,fja05680_sp500_updated
LYB,LyondellBasell,2012-09-05,,fja05680_sp500_updated
LYV,Live Nation Entertainment,2019-12-23,,fja05680_sp500_updated
M,"Macy's, Inc.",1996-01-02,2020-04-05,fja05680_sp500_updated
MA,Mastercard,2008-07-18,,fja05680_sp500_updated
MAA,Mid-America Apartment Communities,2016-12-02,,fja05680_sp500_updated
MAC,,2013-05-09,2019-12-22,fja05680_sp500_updated
MAR,Marriott International,1998-05-21,,fja05680_sp500_updated
MAS,Masco,1996-01-02,,fja05680_sp500_updated
MAT,Mattel,1996-01-02,2019-06-06,fja05680_sp500_updated
MAY,,1996-01-02,2005-08-28,fja05680_sp500_updated
MBI,,1996-12-03,2009-12-20,fja05680_sp500_updated
MCD,McDonald's,1996-01-02,,fja05680_sp500_updated
MCHP,Microchip Technology,2007-09-07,,fja05680_sp500_updated
MCK,McKesson Corporation,1999-01-13,,fja05680_sp500_updated
MCO,Moody's Corporation,1996-01-02,,fja05680_sp500_updated
MDLZ,Mondelez International,2007-04-02,,fja05680_sp500_updated
MDP,,1996-01-02,2011-01-03,fja05680_sp500_updated
MDR,,1996-01-02,2003-08-19,fja05680_sp500_updated
MDT,Medtronic,1996-01-02,,fja05680_sp500_updated
MEA,,1996-01-02,2002-01-29,fja05680_sp500_updated
MEDI,,2000-06-16,2007-05-31,fja05680_sp500_updated
MEE,,1996-01-02,2000-12-21,fja05680_sp500_updated
MEE,,2008-06-23,2011-06-01,fja05680_sp500_updated
MEL,,1996-01-02,2007-07-01,fja05680_sp500_updated
MER,,1996-01-02,2009-01-01,fja05680_sp500_updated
MERQ,,2000-06-29,2006-01-03,fja05680_sp500_updated
MET,Metlife,2000-12-11,,fja05680_sp500_updated
META,Meta Platforms,2022-06-09,,fja05680_sp500_updated
MFE,,2008-12-23,2011-02-28,fja05680_sp500_updated
MGM,MGM Resorts International,2017-07-26,,fja05680_sp500_updated
MHK,Mohawk Industries,2013-12-23,2025-12-21,fja05680_sp500_updated
MHS,,2003-08-20,2012-04-01,fja05680_sp500_updated
MI,,2002-02-11,2011-07-05,fja05680_sp500_updated
MIL,,1996-01-02,2010-07-14,fja05680_sp500_updated
MIR,,1997-08-07,2000-05-31,fja05680_sp500_updated
MIR,,2001-04-03,2003-07-16,fja05680_sp500_updated
MJN,,2009-12-21,2017-06-14,fja05680_sp500_updated
MKC,McCormick & Company,2003-03-21,,fja05680_sp500_updated
MKG,,1996-01-02,2000-10-17,fja05680_sp500_updated
MKTX,MarketAxess,2019-07-01,2025-09-21,fja05680_sp500_updated
MLM,Martin Marietta Materials,2014-07-02,,fja05680_sp500_updated
MMC,,1996-01-02,2026-01-13,fja05680_sp500_updated
MMI,,2011-01-04,2012-05-21,fja05680_sp500_updated
MMM,3M,1996-01-02,,fja05680_sp500_updated
MNK,,2014-08-19,2017-07-25,fja05680_sp500_updated
MNST,Monster Beverage,2012-06-29,,fja05680_sp500_updated
MO,Altria,1996-01-02,,fja05680_sp500_updated
MOH,Molina Healthcare,2022-03-02,2026-03-22,fja05680_sp500_updated
MOLX,,1999-12-01,2013-12-08,fja05680_sp500_updated
MON,,2002-08-14,2018-06-06,fja05680_sp500_updated
MOS,Mosaic Company (The),2011-09-26,,fja05680_sp500_updated
MPC,Marathon Petroleum,2011-07-01,,fja05680_sp500_updated
MPWR,Monolithic Power Systems,2021-02-12,,fja05680_sp500_updated
MRK,Merck & Co.,1996-01-02,,fja05680_sp500_updated
MRNA,Moderna,2021-07-21,,fja05680_sp500_updated
MRO,,1996-01-02,2024-11-25,fja05680_sp500_updated
MS,Morgan Stanley,1996-01-02,,fja05680_sp500_updated
MSCI,MSCI,2018-04-04,,fja05680_sp500_updated
MSFT,Microsoft,1996-01-02,,fja05680_sp500_updated
MSI,Motorola Solutions,1996-01-02,,fja05680_sp500_updated
MTB,M&T Bank,2004-02-27,,fja05680_sp500_updated
MTCH,Match Group,2021-09-20,2026-03-22,fja05680_sp500_updated
MTD,Mettler Toledo,2016-09-06,,fja05680_sp500_updated
MTG,MGIC Investment Corporation,1996-07-19,2008-10-30,fja05680_sp500_updated
MTW,,2007-11-16,2009-08-31,fja05680_sp500_updated
MU,Micron Technology,1996-01-02,,fja05680_sp500_updated
MUR,,2005-08-15,2017-07-25,fja05680_sp500_updated
MWV,,1996-01-02,2015-07-01,fja05680_sp500_updated
MWW,,2001-06-04,2011-12-18,fja05680_sp500_updated
MXIM,,2000-05-10,2007-09-26,fja05680_sp500_updated
MXIM,,2018-12-03,2021-08-29,fja05680_sp500_updated
MYG,,1996-01-02,2006-04-02,fja05680_sp500_updated
MYL,,2004-04-23,2020-11-16,fja05680_sp500_updated
MZIAQ,,1996-01-02,2000-06-28,fja05680_sp500_updated
NAV,,1996-01-02,2006-12-19,fja05680_sp500_updated
NAVI,,2014-05-01,2018-06-04,fja05680_sp500_updated
NBL,,2007-10-08,2020-10-11,fja05680_sp500_updated
NBR,,2000-10-18,2015-03-22,fja05680_sp500_updated
NC,,1996-01-02,2000-06-04,fja05680_sp500_updated
NCC,,1996-01-02,2009-01-01,fja05680_sp500_updated
NCE,,1998-11-03,2000-08-20,fja05680_sp500_updated
NCLH,Norwegian Cruise Line Holdings,2017-10-13,,fja05680_sp500_updated
NCR,,2000-01-04,2007-09-30,fja05680_sp500_updated
NDAQ,"Nasdaq, Inc.",2008-10-22,,fja05680_sp500_updated
NDSN,Nordson,2022-02-15,,fja05680_sp500_updated
NE,,2001-01-16,2009-03-26,fja05680_sp500_updated
NE,,2011-01-18,2015-07-19,fja05680_sp500_updated
NEE,NextEra Energy,1996-01-02,,fja05680_sp500_updated
NEM,Newmont,1996-01-02,,fja05680_sp500_updated
NFB,,2002-07-17,2006-11-30,fja05680_sp500_updated
NFLX,Netflix,2010-12-20,,fja05680_sp500_updated
NFX,,2010-12-20,2019-02-14,fja05680_sp500_updated
NGH,,1998-09-16,2000-12-11,fja05680_sp500_updated
NI,NiSource,2000-11-02,,fja05680_sp500_updated
NKE,"Nike, Inc.",1996-01-02,,fja05680_sp500_updated
NKTR,,2018-03-19,2019-10-02,fja05680_sp500_updated
NLOK,,2019-11-05,2022-11-07,fja05680_sp500_updated
NLSN,,2013-07-09,2022-10-11,fja05680_sp500_updated
NLV,,1996-04-01,2000-01-05,fja05680_sp500_updated
NMK,,1996-01-02,2002-01-31,fja05680_sp500_updated
NOC,Northrop Grumman,1996-01-02,,fja05680_sp500_updated
NOV,NOV Inc.,2005-03-14,2021-09-19,fja05680_sp500_updated
NOVL,,1996-01-02,2011-04-27,fja05680_sp500_updated
NOW,ServiceNow,2019-11-21,,fja05680_sp500_updated
NRG,NRG Energy,2010-01-29,,fja05680_sp500_updated
NRTLQ,,1996-01-02,2002-07-21,fja05680_sp500_updated
NSC,Norfolk Southern,1996-01-02,,fja05680_sp500_updated
NSI,,1996-01-02,2001-12-02,fja05680_sp500_updated
NSM,,1996-01-02,2011-09-25,fja05680_sp500_updated
NTAP,Netapp,1999-06-25,,fja05680_sp500_updated
NTRS,Northern Trust,1998-01-30,,fja05680_sp500_updated
NUE,Nucor,1996-01-02,,fja05680_sp500_updated
NVDA,Nvidia,2001-11-30,,fja05680_sp500_updated
NVLS,,2000-06-19,2012-06-04,fja05680_sp500_updated
NVR,"NVR, Inc.",2019-09-26,,fja05680_sp500_updated
NWL,Newell Brands,1996-01-02,2023-09-17,fja05680_sp500_updated
NWS,News Corp (Class B),2015-09-21,,fja05680_sp500_updated
NWSA,News Corp (Class A),2013-07-01,,fja05680_sp500_updated
NXPI,NXP Semiconductors,2021-03-22,,fja05680_sp500_updated
NXTL,,1998-04-01,2005-08-14,fja05680_sp500_updated
NYT,New York Times Company,1996-01-02,2010-12-19,fja05680_sp500_updated
NYX,,2007-10-25,2013-11-12,fja05680_sp500_updated
O,Realty Income,2015-04-07,,fja05680_sp500_updated
OAT,,1996-01-02,2001-08-02,fja05680_sp500_updated
ODFL,Old Dominion Freight Line,2019-12-09,,fja05680_sp500_updated
ODP,,1999-06-24,2010-12-19,fja05680_sp500_updated
OGN,Organon & Co.,2021-06-04,2023-10-17,fja05680_sp500_updated
OI,,1997-08-04,2000-12-10,fja05680_sp500_updated
OI,,2009-01-02,2016-12-01,fja05680_sp500_updated
OK,,1999-12-02,2001-04-01,fja05680_sp500_updated
OKE,Oneok,1996-01-02,2001-08-29,fja05680_sp500_updated
OKE,Oneok,2010-03-15,,fja05680_sp500_updated
OMC,Omnicom Group,1997-12-24,,fja05680_sp500_updated
OMX,,1996-01-02,2008-06-22,fja05680_sp500_updated
ON,ON Semiconductor,2022-06-21,,fja05680_sp500_updated
ONE,,1996-01-02,2004-06-30,fja05680_sp500_updated
ORCL,Oracle Corporation,1996-01-02,,fja05680_sp500_updated
ORLY,O'Reilly Auto Parts,2009-03-27,,fja05680_sp500_updated
OTIS,Otis Worldwide,2020-04-03,,fja05680_sp500_updated
OWENQ,,1996-01-02,2000-10-01,fja05680_sp500_updated
OXY,Occidental Petroleum,1996-01-02,,fja05680_sp500_updated
PALM,,2000-07-28,2002-08-13,fja05680_sp500_updated
PANW,Palo Alto Networks,2023-06-20,,fja05680_sp500_updated
PARA,,2022-02-17,2025-08-07,fja05680_sp500_updated
PAYC,Paycom,2020-01-28,2026-03-22,fja05680_sp500_updated
PAYX,Paychex,1998-10-01,,fja05680_sp500_updated
PBCT,,2008-11-13,2022-04-03,fja05680_sp500_updated
PBG,,2001-05-14,2010-02-28,fja05680_sp500_updated
PBI,,1996-01-02,2017-02-28,fja05680_sp500_updated
PBY,,1996-01-02,2000-04-02,fja05680_sp500_updated
PCAR,Paccar,1996-01-02,,fja05680_sp500_updated
PCG,PG&E Corporation,1996-01-02,2019-01-17,fja05680_sp500_updated
PCG,PG&E Corporation,2022-10-03,,fja05680_sp500_updated
PCH,,1996-01-02,2001-07-08,fja05680_sp500_updated
PCL,,2002-01-17,2016-02-21,fja05680_sp500_updated
PCP,,2007-06-01,2016-01-31,fja05680_sp500_updated
PCS,,1998-11-24,2004-04-22,fja05680_sp500_updated
PD,,1996-01-02,2007-03-19,fja05680_sp500_updated
PDCO,,2005-10-11,2018-03-18,fja05680_sp500_updated
PDG,,1996-01-02,2002-07-21,fja05680_sp500_updated
PEAK,,2019-11-05,2024-03-03,fja05680_sp500_updated
PEG,Public Service Enterprise Group,1996-01-02,,fja05680_sp500_updated
PENN,Penn Entertainment,2021-03-22,2022-09-18,fja05680_sp500_updated
PEP,PepsiCo,1996-01-02,,fja05680_sp500_updated
PETM,,2012-10-05,2015-03-11,fja05680_sp500_updated
PFE,Pfizer,1996-01-02,,fja05680_sp500_updated
PFG,Principal Financial Group,2002-07-22,,fja05680_sp500_updated
PG,Procter & Gamble,1996-01-02,,fja05680_sp500_updated
PGL,,1996-01-02,2007-02-21,fja05680_sp500_updated
PGN,,1996-01-02,2012-07-01,fja05680_sp500_updated
PGR,Progressive Corporation,1997-08-04,,fja05680_sp500_updated
PH,Parker Hannifin,1996-01-02,,fja05680_sp500_updated
PHA,,1996-01-02,2003-04-15,fja05680_sp500_updated
PHM,PulteGroup,1996-01-02,,fja05680_sp500_updated
PKG,Packaging Corporation of America,2017-07-26,,fja05680_sp500_updated
PKI,,1996-01-02,2023-05-15,fja05680_sp500_updated
PLD,Prologis,2003-07-17,,fja05680_sp500_updated
PLL,,1996-01-02,2015-08-30,fja05680_sp500_updated
PLTR,Palantir Technologies,2024-09-23,,fja05680_sp500_updated
PM,Philip Morris International,2008-03-31,,fja05680_sp500_updated
PMCS,,2001-08-03,2007-07-01,fja05680_sp500_updated
PNC,PNC Financial Services,1996-01-02,,fja05680_sp500_updated
PNR,Pentair,2012-10-01,,fja05680_sp500_updated
PNU,,1996-01-02,2000-04-02,fja05680_sp500_updated
PNW,Pinnacle West Capital,1999-10-04,,fja05680_sp500_updated
PODD,Insulet,2023-03-15,,fja05680_sp500_updated
POM,,2007-11-09,2016-03-23,fja05680_sp500_updated
POOL,Pool Corporation,2020-10-07,,fja05680_sp500_updated
PPG,PPG Industries,1996-01-02,,fja05680_sp500_updated
PPL,PPL Corporation,1996-01-02,,fja05680_sp500_updated
PRD,,1996-01-02,2000-12-11,fja05680_sp500_updated
PRGO,Perrigo,2011-12-19,2021-09-19,fja05680_sp500_updated
PRU,Prudential Financial,2002-07-22,,fja05680_sp500_updated
PSA,Public Storage,2005-08-19,,fja05680_sp500_updated
PSFT,,1998-10-02,2004-12-28,fja05680_sp500_updated
PSKY,Paramount Skydance Corporation,2025-08-08,,fja05680_sp500_updated
PSX,Phillips 66,2012-05-01,,fja05680_sp500_updated
PTC,PTC Inc.,1997-04-03,2007-01-02,fja05680_sp500_updated
PTC,PTC Inc.,2021-04-20,,fja05680_sp500_updated
PTV,,1999-11-05,2010-11-16,fja05680_sp500_updated
PVH,PVH Corp.,2013-02-14,2022-09-18,fja05680_sp500_updated
PVN,,1996-01-02,2005-10-02,fja05680_sp500_updated
PWER,,2000-10-23,2005-03-13,fja05680_sp500_updated
PWJ,,1999-06-04,2000-11-05,fja05680_sp500_updated
PWR,Quanta Services,2009-07-01,,fja05680_sp500_updated
PX,,1996-01-02,2018-10-30,fja05680_sp500_updated
PXD,,2008-09-24,2024-05-07,fja05680_sp500_updated
PYPL,PayPal,2015-07-20,,fja05680_sp500_updated
Q,Qnity Electronics,2000-07-06,2011-03-31,fja05680_sp500_updated
Q,Qnity Electronics,2025-11-03,,fja05680_sp500_updated
QCOM,Qualcomm,1999-07-22,,fja05680_sp500_updated
QEP,,2010-07-01,2015-06-30,fja05680_sp500_updated
QLGC,,2000-12-12,2011-01-17,fja05680_sp500_updated
QRVO,Qorvo,2015-06-12,2024-12-22,fja05680_sp500_updated
QTRN,,1999-11-16,2003-09-25,fja05680_sp500_updated
R,Ryder,1996-01-02,2017-06-18,fja05680_sp500_updated
RAD,,1996-01-02,2000-07-26,fja05680_sp500_updated
RAI,,2002-09-04,2017-07-24,fja05680_sp500_updated
RAL,Ralliant,1996-01-02,2001-12-12,fja05680_sp500_updated
RATL,,2002-02-01,2003-02-20,fja05680_sp500_updated
RBK,,1996-01-02,2006-01-31,fja05680_sp500_updated
RCL,Royal Caribbean Group,2014-12-05,,fja05680_sp500_updated
RDC,,1996-01-02,2014-08-18,fja05680_sp500_updated
RDS.A,,1996-01-02,2002-07-21,fja05680_sp500_updated
RE,,2017-06-19,2023-07-09,fja05680_sp500_updated
REG,Regency Centers,2017-03-02,,fja05680_sp500_updated
REGN,Regeneron Pharmaceuticals,2013-05-01,,fja05680_sp500_updated
RF,Regions Financial Corporation,1998-08-28,,fja05680_sp500_updated
RHI,Robert Half,2000-12-05,2024-06-23,fja05680_sp500_updated
RHT,,2009-07-27,2019-07-14,fja05680_sp500_updated
RIG,,1999-12-31,2008-12-18,fja05680_sp500_updated
RIG,,2013-10-29,2017-07-25,fja05680_sp500_updated
RJF,Raymond James Financial,2017-03-20,,fja05680_sp500_updated
RL,Ralph Lauren Corporation,2007-02-02,,fja05680_sp500_updated
RLM,,1996-01-02,2000-05-03,fja05680_sp500_updated
RMD,Resmed,2017-07-26,,fja05680_sp500_updated
RML,,1996-01-02,2000-12-11,fja05680_sp500_updated
RNB,,1996-01-02,2000-01-02,fja05680_sp500_updated
ROH,,1996-01-02,2009-04-01,fja05680_sp500_updated
ROK,Rockwell Automation,1996-01-02,,fja05680_sp500_updated
ROL,"Rollins, Inc.",2018-10-01,,fja05680_sp500_updated
ROP,Roper Technologies,2009-12-23,,fja05680_sp500_updated
ROST,Ross Stores,2009-12-21,,fja05680_sp500_updated
RRC,Range Resources,2007-12-21,2018-06-17,fja05680_sp500_updated
RRD,,1996-01-02,2012-12-11,fja05680_sp500_updated
RSG,Republic Services,2008-12-05,,fja05680_sp500_updated
RSHCQ,,1996-01-02,2011-06-30,fja05680_sp500_updated
RTN,,1996-01-02,2020-04-05,fja05680_sp500_updated
RTX,RTX Corporation,2020-04-03,,fja05680_sp500_updated
RVTY,Revvity,2023-05-16,,fja05680_sp500_updated
RX,,1996-11-04,2010-02-25,fja05680_sp500_updated
S,SentinelOne,1996-01-02,2013-07-08,fja05680_sp500_updated
SAF,,1996-01-02,2008-09-22,fja05680_sp500_updated
SANM,,2000-06-21,2007-07-01,fja05680_sp500_updated
SAPE,,2000-05-05,2002-05-12,fja05680_sp500_updated
SBAC,SBA Communications,2017-09-01,,fja05680_sp500_updated
SBL,,2000-12-11,2007-01-09,fja05680_sp500_updated
SBNY,,2021-12-20,2023-03-14,fja05680_sp500_updated
SBUX,Starbucks,2000-06-08,,fja05680_sp500_updated
SCG,,2009-01-02,2019-01-01,fja05680_sp500_updated
SCHW,Charles Schwab Corporation,1997-06-02,,fja05680_sp500_updated
SCI,Service Corporation International,1996-01-02,2000-03-15,fja05680_sp500_updated
SDS,,2002-07-22,2005-08-11,fja05680_sp500_updated
SE,,2007-01-03,2017-02-26,fja05680_sp500_updated
SEBL,,2000-05-05,2006-01-31,fja05680_sp500_updated
SEDG,,2021-12-20,2023-10-17,fja05680_sp500_updated
SEE,,1998-04-01,2023-10-17,fja05680_sp500_updated
SEG,,1996-08-16,2000-11-21,fja05680_sp500_updated
SFA,,1996-01-02,2006-02-26,fja05680_sp500_updated
SGID,,1996-01-02,2000-06-20,fja05680_sp500_updated
SGP,,1996-01-02,2009-11-03,fja05680_sp500_updated
SHLD,,2005-03-28,2012-09-04,fja05680_sp500_updated
SHW,Sherwin-Williams,1996-01-02,,fja05680_sp500_updated
SIAL,,1996-01-02,2015-11-17,fja05680_sp500_updated
SIG,,2015-07-29,2018-03-18,fja05680_sp500_updated
SII,,2006-10-02,2010-08-26,fja05680_sp500_updated
SIVB,,2018-03-19,2023-03-14,fja05680_sp500_updated
SJM,J.M. Smucker Company (The),2008-11-06,,fja05680_sp500_updated
SLB,Schlumberger,1996-01-02,,fja05680_sp500_updated
SLG,,2015-03-23,2021-03-21,fja05680_sp500_updated
SLM,Sallie Mae,1998-07-01,2014-04-30,fja05680_sp500_updated
SLR,,1998-12-31,2007-10-01,fja05680_sp500_updated
SMCI,Supermicro,2024-03-18,,fja05680_sp500_updated
SMI,,1996-01-02,2000-12-11,fja05680_sp500_updated
SMS,,1996-01-02,2000-06-07,fja05680_sp500_updated
SNA,Snap-on,1996-01-02,,fja05680_sp500_updated
SNDK,SanDisk,2006-04-20,2016-05-11,fja05680_sp500_updated
SNDK,SanDisk,2025-11-28,,fja05680_sp500_updated
SNI,,2008-07-01,2018-03-06,fja05680_sp500_updated
SNPS,Synopsys,2017-03-16,,fja05680_sp500_updated
SNV,,1997-12-01,2008-01-01,fja05680_sp500_updated
SO,Southern Company,1996-01-02,,fja05680_sp500_updated
SOLS,Solstice Advanced Materials,2025-10-30,2025-12-21,fja05680_sp500_updated
SOLV,Solventum,2024-04-03,,fja05680_sp500_updated
SOTR,,1999-03-01,2004-10-31,fja05680_sp500_updated
SOV,,2004-07-01,2009-01-29,fja05680_sp500_updated
SPG,Simon Property Group,2002-06-26,,fja05680_sp500_updated
SPGI,S&P Global,1996-01-02,,fja05680_sp500_updated
SPLS,,1998-10-07,2017-09-12,fja05680_sp500_updated
SRCL,,2008-11-19,2018-12-02,fja05680_sp500_updated
SRE,Sempra,1998-06-29,,fja05680_sp500_updated
SSP,,2005-12-20,2008-06-30,fja05680_sp500_updated
STE,Steris,2019-12-23,,fja05680_sp500_updated
STI,,1996-01-02,2019-12-08,fja05680_sp500_updated
STJ,,1996-01-02,2017-01-04,fja05680_sp500_updated
STLD,Steel Dynamics,2022-12-22,,fja05680_sp500_updated
STR,,2006-12-01,2010-06-30,fja05680_sp500_updated
STT,State Street Corporation,1997-08-18,,fja05680_sp500_updated
STX,Seagate Technology,2012-07-02,,fja05680_sp500_updated
STZ,Constellation Brands,2005-07-05,,fja05680_sp500_updated
SUB,,1998-01-28,2001-02-28,fja05680_sp500_updated
SUN,,1996-01-02,2012-10-04,fja05680_sp500_updated
SUNEQ,,2007-05-31,2011-12-18,fja05680_sp500_updated
SVU,,1996-01-02,2012-04-30,fja05680_sp500_updated
SW,Smurfit Westrock,2024-07-08,,fja05680_sp500_updated
SWK,Stanley Black & Decker,1996-01-02,,fja05680_sp500_updated
SWKS,Skyworks Solutions,2015-03-12,,fja05680_sp500_updated
SWN,,2008-06-06,2017-04-03,fja05680_sp500_updated
SWY,,1998-11-13,2015-01-26,fja05680_sp500_updated
SXCL,,1999-10-01,2001-05-13,fja05680_sp500_updated
SYF,Synchrony Financial,2015-11-18,,fja05680_sp500_updated
SYK,Stryker Corporation,2000-12-12,,fja05680_sp500_updated
SYMC,,2003-03-31,2019-11-04,fja05680_sp500_updated
SYY,Sysco,1996-01-02,,fja05680_sp500_updated
T,AT&T,1996-01-02,,fja05680_sp500_updated
TAP,Molson Coors,1996-01-02,,fja05680_sp500_updated
TDC,Teradata,2007-10-01,2017-06-18,fja05680_sp500_updated
TDG,TransDigm Group,2016-06-03,,fja05680_sp500_updated
TDY,Teledyne Technologies,2020-06-22,,fja05680_sp500_updated
TE,,2001-10-10,2016-06-30,fja05680_sp500_updated
TECH,Bio-Techne,2021-08-30,,fja05680_sp500_updated
TEG,,2007-02-22,2015-06-29,fja05680_sp500_updated
TEK,,1996-01-02,2007-11-15,fja05680_sp500_updated
TEL,TE Connectivity,2007-07-02,2009-06-25,fja05680_sp500_updated
TEL,TE Connectivity,2011-10-17,,fja05680_sp500_updated
TER,Teradyne,1999-11-15,2013-12-22,fja05680_sp500_updated
TER,Teradyne,2020-09-21,,fja05680_sp500_updated
TEX,,2006-12-20,2008-11-05,fja05680_sp500_updated
TFC,Truist Financial,2019-12-09,,fja05680_sp500_updated
TFX,Teleflex,2019-01-18,2025-03-23,fja05680_sp500_updated
TGNA,,1996-01-02,2017-06-01,fja05680_sp500_updated
TGT,Target Corporation,1996-01-02,,fja05680_sp500_updated
THC,Tenet Healthcare,1996-01-02,2016-04-17,fja05680_sp500_updated
TIE,,2007-10-29,2012-12-23,fja05680_sp500_updated
TIF,,2000-06-21,2021-01-06,fja05680_sp500_updated
TIN,,1996-01-02,2007-12-30,fja05680_sp500_updated
TJX,TJX Companies,1996-01-02,,fja05680_sp500_updated
TKO,TKO Group Holdings,2025-03-24,,fja05680_sp500_updated
TKR,Timken Company,1996-01-02,2001-08-06,fja05680_sp500_updated
TLAB,,1996-01-02,2011-12-20,fja05680_sp500_updated
TMC,,1996-01-02,2000-06-12,fja05680_sp500_updated
TMC.A,,1996-01-02,2000-06-12,fja05680_sp500_updated
TMK,,1996-01-02,2019-08-07,fja05680_sp500_updated
TMO,Thermo Fisher Scientific,1997-01-02,,fja05680_sp500_updated
TMUS,T-Mobile US,2009-06-30,2013-04-30,fja05680_sp500_updated
TMUS,T-Mobile US,2019-07-15,,fja05680_sp500_updated
TNB,,1996-01-02,2004-08-02,fja05680_sp500_updated
TOS,,1999-09-20,2001-09-16,fja05680_sp500_updated
TOY,,1996-01-02,2005-07-21,fja05680_sp500_updated
TPL,Texas Pacific Land Corporation,2024-11-26,,fja05680_sp500_updated
TPR,"Tapestry, Inc.",2004-09-01,,fja05680_sp500_updated
TRB,,1996-01-02,2007-12-20,fja05680_sp500_updated
TRGP,Targa Resources,2022-10-12,,fja05680_sp500_updated
TRIP,,2011-12-21,2019-12-22,fja05680_sp500_updated
TRMB,Trimble Inc.,2021-01-21,,fja05680_sp500_updated
TROW,T. Rowe Price,1999-10-13,,fja05680_sp500_updated
TRV,Travelers Companies (The),1996-01-02,,fja05680_sp500_updated
TRW,,1996-01-02,2002-12-11,fja05680_sp500_updated
TSCO,Tractor Supply Company,2014-01-24,,fja05680_sp500_updated
TSG,,2000-03-16,2007-04-01,fja05680_sp500_updated
TSLA,"Tesla, Inc.",2020-12-21,,fja05680_sp500_updated
TSN,Tyson Foods,2005-08-11,,fja05680_sp500_updated
TSS,,2008-01-02,2019-09-22,fja05680_sp500_updated
TT,Trane Technologies,2002-05-13,2008-06-05,fja05680_sp500_updated
TT,Trane Technologies,2020-03-03,,fja05680_sp500_updated
TTD,Trade Desk (The),2025-07-18,,fja05680_sp500_updated
TTWO,Take-Two Interactive,2018-03-19,,fja05680_sp500_updated
TUP,,1996-05-31,2004-03-24,fja05680_sp500_updated
TWC,,2009-03-30,2016-05-17,fja05680_sp500_updated
TWTR,,2018-06-07,2022-10-31,fja05680_sp500_updated
TWX,,1996-01-02,2018-06-14,fja05680_sp500_updated
TX,,1996-01-02,2001-10-09,fja05680_sp500_updated
TXN,Texas Instruments,1996-01-02,,fja05680_sp500_updated
TXT,Textron,1996-01-02,,fja05680_sp500_updated
TXU,,1996-01-02,2007-10-09,fja05680_sp500_updated
TYL,Tyler Technologies,2020-06-22,,fja05680_sp500_updated
UA,Under Armour (Class C),2016-04-08,2022-06-20,fja05680_sp500_updated
UAA,Under Armour (Class A),2014-05-01,2022-06-20,fja05680_sp500_updated
UAL,United Airlines Holdings,2015-09-03,,fja05680_sp500_updated
UAWGQ,,1996-01-02,2002-05-14,fja05680_sp500_updated
UBER,Uber,2023-10-18,,fja05680_sp500_updated
UCL,,1996-01-02,2005-08-10,fja05680_sp500_updated
UCM,,1996-01-02,2000-10-22,fja05680_sp500_updated
UDR,"UDR, Inc.",2016-03-07,,fja05680_sp500_updated
UHS,Universal Health Services,2014-09-22,,fja05680_sp500_updated
UIS,,1996-01-02,2008-11-10,fja05680_sp500_updated
UK,,1996-01-02,2001-02-06,fja05680_sp500_updated
ULTA,Ulta Beauty,2016-04-18,,fja05680_sp500_updated
UMG,,1996-01-02,2000-06-14,fja05680_sp500_updated
UN,,1996-01-02,2002-07-21,fja05680_sp500_updated
UNH,UnitedHealth Group,1996-01-02,,fja05680_sp500_updated
UNM,Unum,1996-01-02,2021-09-19,fja05680_sp500_updated
UNP,Union Pacific Corporation,1996-01-02,,fja05680_sp500_updated
UPC,,1998-10-01,2004-06-30,fja05680_sp500_updated
UPR,,1996-10-16,2000-07-16,fja05680_sp500_updated
UPS,United Parcel Service,2002-07-22,,fja05680_sp500_updated
URBN,,2010-02-08,2017-03-19,fja05680_sp500_updated
URI,United Rentals,2014-09-22,,fja05680_sp500_updated
USB,U.S. Bancorp,1996-01-02,,fja05680_sp500_updated
UST,,1996-01-02,2009-01-05,fja05680_sp500_updated
USW,,1996-01-02,2000-07-02,fja05680_sp500_updated
UTX,,1996-01-02,2020-04-02,fja05680_sp500_updated
UVN,,2001-02-07,2007-03-28,fja05680_sp500_updated
V,Visa Inc.,2009-12-21,,fja05680_sp500_updated
VAR,,2007-02-12,2021-04-19,fja05680_sp500_updated
VFC,VF Corporation,1996-01-02,2024-04-02,fja05680_sp500_updated
VIAB,,2006-01-03,2019-12-04,fja05680_sp500_updated
VIAC,,2019-12-05,2022-02-16,fja05680_sp500_updated
VIAV,,2000-07-27,2013-12-22,fja05680_sp500_updated
VICI,Vici Properties,2022-06-08,,fja05680_sp500_updated
VLO,Valero Energy,2004-04-29,,fja05680_sp500_updated
VLTO,Veralto,2023-10-02,,fja05680_sp500_updated
VMC,Vulcan Materials,1999-07-01,,fja05680_sp500_updated
VNO,Vornado Realty Trust,2005-08-12,2023-01-03,fja05680_sp500_updated
VNT,Vontier,2020-10-12,2021-03-21,fja05680_sp500_updated
VO,,1996-01-02,2000-12-10,fja05680_sp500_updated
VRSK,Verisk Analytics,2015-10-08,,fja05680_sp500_updated
VRSN,Verisign,2006-02-01,,fja05680_sp500_updated
VRTS,,2000-04-03,2005-07-04,fja05680_sp500_updated
VRTX,Vertex Pharmaceuticals,2013-09-23,,fja05680_sp500_updated
VST,Vistra Corp.,2024-05-08,,fja05680_sp500_updated
VSTNQ,,2000-06-29,2006-01-02,fja05680_sp500_updated
VTR,"Ventas, Inc.",2009-03-04,,fja05680_sp500_updated
VTRS,Viatris,2020-11-17,,fja05680_sp500_updated
VTSS,,2000-12-12,2002-08-20,fja05680_sp500_updated
VZ,Verizon,1996-01-02,,fja05680_sp500_updated
WAB,Wabtec,2019-02-27,,fja05680_sp500_updated
WAMUQ,,1997-07-02,2008-09-29,fja05680_sp500_updated
WAT,Waters Corporation,2002-01-02,,fja05680_sp500_updated
WB,,1996-01-02,2009-01-01,fja05680_sp500_updated
WBA,,1996-01-02,2025-08-27,fja05680_sp500_updated
WBD,Warner Bros. Discovery,2022-04-11,,fja05680_sp500_updated
WCG,,2018-09-17,2020-01-27,fja05680_sp500_updated
WCOEQ,,1996-04-01,2002-05-14,fja05680_sp500_updated
WDAY,"Workday, Inc.",2024-12-23,,fja05680_sp500_updated
WDC,Western Digital,2009-07-01,,fja05680_sp500_updated
WEC,WEC Energy Group,2008-10-31,,fja05680_sp500_updated
WELL,Welltower,2009-01-30,,fja05680_sp500_updated
WEN,Wendy's Company (The),1996-01-02,2008-09-29,fja05680_sp500_updated
WFC,Wells Fargo,1996-01-02,,fja05680_sp500_updated
WFM,,2006-01-03,2017-08-27,fja05680_sp500_updated
WFT,,2005-07-22,2009-02-25,fja05680_sp500_updated
WHR,Whirlpool Corporation,1996-01-02,2024-03-17,fja05680_sp500_updated
WIN,,2006-07-18,2015-04-06,fja05680_sp500_updated
WLA,,1996-01-02,2000-06-19,fja05680_sp500_updated
WLL,,1996-01-02,2002-02-10,fja05680_sp500_updated
WLP,,1999-06-09,2004-11-30,fja05680_sp500_updated
WLTW,,2016-01-05,2022-01-09,fja05680_sp500_updated
WM,"Waste Management, Inc.",1998-07-17,,fja05680_sp500_updated
WMB,Williams Companies,1996-01-02,,fja05680_sp500_updated
WMT,Walmart,1996-01-02,,fja05680_sp500_updated
WNDXQ,,1996-01-02,2004-12-02,fja05680_sp500_updated
WOR,,1996-01-02,2004-12-19,fja05680_sp500_updated
WPX,,2012-01-03,2014-03-23,fja05680_sp500_updated
WRB,W. R. Berkley Corporation,2019-12-05,,fja05680_sp500_updated
WRK,,2015-07-02,2024-07-07,fja05680_sp500_updated
WSM,"Williams-Sonoma, Inc.",2025-03-24,,fja05680_sp500_updated
WST,West Pharmaceutical Services,2020-05-22,,fja05680_sp500_updated
WTW,Willis Towers Watson,2022-01-10,,fja05680_sp500_updated
WU,Western Union,2006-10-02,2021-12-19,fja05680_sp500_updated
WWY,,1996-01-02,2008-10-06,fja05680_sp500_updated
WY,Weyerhaeuser,1996-01-02,,fja05680_sp500_updated
WYE,,1996-01-02,2009-10-15,fja05680_sp500_updated
WYND,,2006-08-01,2018-05-30,fja05680_sp500_updated
WYNN,Wynn Resorts,2008-11-14,,fja05680_sp500_updated
X,,1996-01-02,2014-07-01,fja05680_sp500_updated
XEC,,2014-06-20,2020-03-02,fja05680_sp500_updated
XEL,Xcel Energy,1996-01-02,,fja05680_sp500_updated
XL,,2001-09-04,2018-09-11,fja05680_sp500_updated
XLNX,,1999-11-08,2022-02-14,fja05680_sp500_updated
XOM,ExxonMobil,1996-01-02,,fja05680_sp500_updated
XRAY,Dentsply Sirona,2008-11-14,2024-04-02,fja05680_sp500_updated
XRX,,1996-01-02,2021-03-21,fja05680_sp500_updated
XTO,,2004-12-29,2010-06-27,fja05680_sp500_updated
XYL,Xylem Inc.,2011-11-01,,fja05680_sp500_updated
XYZ,"Block, Inc.",2025-07-23,,fja05680_sp500_updated
YNR,,2000-01-06,2000-10-02,fja05680_sp500_updated
YUM,Yum! Brands,1997-10-07,,fja05680_sp500_updated
ZBH,Zimmer Biomet,2001-08-07,,fja05680_sp500_updated
ZBRA,Zebra Technologies,2019-12-23,,fja05680_sp500_updated
ZION,Zions Bancorporation,2001-06-25,2024-03-17,fja05680_sp500_updated
ZTS,Zoetis,2013-06-24,,fja05680_sp500_updated
