ticker,name,sector,yahoo_ticker,price_source,member_from,member_to,retained,n_valid_months,first_valid_month,last_valid_month,drop_reason
A,Agilent Technologies,Health Care,A,yahoo,2000-06-05,,True,312,2000-01-31,2025-12-31,
AABA,,Unknown,AABA,none,1999-12-08,2017-06-18,False,0,,,price_download_failed
AAL,American Airlines Group,Industrials,AAL,yahoo,1996-01-02,2024-09-22,True,243,2005-10-31,2025-12-31,
AAMRQ,,Unknown,AAMRQ,none,1996-01-02,2003-03-13,False,0,,,price_download_failed
AAP,,Unknown,AAP,yahoo,2015-07-09,2023-08-24,True,289,2001-12-31,2025-12-31,
AAPL,Apple Inc.,Information Technology,AAPL,yahoo,1996-01-02,,True,312,2000-01-31,2025-12-31,
ABBV,AbbVie,Health Care,ABBV,yahoo,2013-01-02,,True,155,2013-02-28,2025-12-31,
ABC,,Unknown,ABC,none,2001-08-30,2023-08-29,False,0,,,price_download_failed
ABI,,Unknown,ABI,yahoo,1996-01-02,2008-11-23,True,6,2025-07-31,2025-12-31,
ABKFQ,,Unknown,ABKFQ,none,2000-12-11,2008-06-10,False,0,,,price_download_failed
ABMD,,Unknown,ABMD,none,2018-05-31,2022-12-21,False,0,,,price_download_failed
ABNB,Airbnb,Consumer Discretionary,ABNB,yahoo,2023-09-18,,True,60,2021-01-31,2025-12-31,
ABS,,Unknown,ABS,yahoo,1996-01-02,2006-06-01,True,10,2018-09-30,2019-06-30,
ABT,Abbott Laboratories,Health Care,ABT,yahoo,1996-01-02,,True,312,2000-01-31,2025-12-31,
ABX,,Unknown,ABX,yahoo,1996-01-02,2002-07-21,True,63,2020-10-31,2025-12-31,
ACAS,,Unknown,ACAS,none,2007-07-09,2009-03-03,False,0,,,price_download_failed
ACGL,Arch Capital Group,Financials,ACGL,yahoo,2022-11-01,,True,312,2000-01-31,2025-12-31,
ACKH,,Unknown,ACKH,none,1996-01-02,2000-11-16,False,0,,,price_download_failed
ACN,Accenture,Information Technology,ACN,yahoo,2011-07-06,,True,293,2001-08-31,2025-12-31,
ACS,,Unknown,ACS,none,2004-04-02,2010-02-07,False,0,,,price_download_failed
ACV,,Unknown,ACV,yahoo,1996-01-02,2006-11-16,True,127,2015-06-30,2025-12-31,
ADBE,Adobe Inc.,Information Technology,ADBE,yahoo,1997-05-06,,True,312,2000-01-31,2025-12-31,
ADCT,,Unknown,ADCT,yahoo,1999-08-02,2007-07-01,True,67,2020-06-30,2025-12-31,
ADI,Analog Devices,Information Technology,ADI,yahoo,1999-10-12,,True,312,2000-01-31,2025-12-31,
ADM,Archer Daniels Midland,Consumer Staples,ADM,yahoo,1996-01-02,,True,312,2000-01-31,2025-12-31,
ADP,Automatic Data Processing,Industrials,ADP,yahoo,1996-01-02,,True,312,2000-01-31,2025-12-31,
ADS,,Unknown,ADS,none,2013-12-23,2020-06-21,False,0,,,price_download_failed
ADSK,Autodesk,Information Technology,ADSK,yahoo,1996-01-02,,True,312,2000-01-31,2025-12-31,
ADT,ADT Inc.,Consumer Discretionary,ADT,yahoo,2012-10-02,2016-05-01,True,95,2018-02-28,2025-12-31,
AEE,Ameren,Utilities,AEE,yahoo,1996-01-02,,True,312,2000-01-31,2025-12-31,
AEP,American Electric Power,Utilities,AEP,yahoo,1996-01-02,,True,312,2000-01-31,2025-12-31,
AES,AES Corporation,Utilities,AES,yahoo,1998-10-02,,True,312,2000-01-31,2025-12-31,
AET,,Unknown,AET,yahoo,1996-01-02,2018-11-28,True,227,2000-01-31,2018-11-30,
AFL,Aflac,Financials,AFL,yahoo,1999-05-28,,True,312,2000-01-31,2025-12-31,
AFS.A,,Unknown,AFS-A,none,1998-04-08,2000-11-30,False,0,,,price_download_failed
AGC,,Unknown,AGC,none,1996-01-02,2001-08-28,False,0,,,price_download_failed
AGN,,Unknown,AGN,none,1996-01-02,2020-05-11,False,0,,,price_download_failed
AIG,American International Group,Financials,AIG,yahoo,1996-01-02,,True,312,2000-01-31,2025-12-31,
AIV,,Unknown,AIV,yahoo,2003-03-14,2020-12-20,True,312,2000-01-31,2025-12-31,
AIZ,Assurant,Financials,AIZ,yahoo,2007-04-10,,True,262,2004-03-31,2025-12-31,
AJG,Arthur J. Gallagher & Co.,Financials,AJG,yahoo,2016-05-31,,True,312,2000-01-31,2025-12-31,
AKAM,Akamai Technologies,Information Technology,AKAM,yahoo,2007-07-12,,True,312,2000-01-31,2025-12-31,
AKS,,Unknown,AKS,none,2008-07-01,2011-12-18,False,0,,,price_download_failed
AL,Air Lease Corporation,Industrials,AL,none,1996-01-02,2002-07-21,True,176,2011-05-31,2025-12-31,
ALB,Albemarle Corporation,Materials,ALB,yahoo,2016-07-01,,True,312,2000-01-31,2025-12-31,
ALGN,Align Technology,Health Care,ALGN,yahoo,2017-06-19,,True,299,2001-02-28,2025-12-31,
ALK,Alaska Air Group,Industrials,ALK,yahoo,2016-05-13,2023-10-17,True,312,2000-01-31,2025-12-31,
ALL,Allstate,Financials,ALL,yahoo,1996-01-02,,True,312,2000-01-31,2025-12-31,
ALLE,Allegion,Industrials,ALLE,yahoo,2013-12-02,,True,145,2013-12-31,2025-12-31,
ALTR,,Unknown,ALTR,none,2000-04-18,2015-12-27,False,0,,,price_download_failed
ALXN,,Unknown,ALXN,none,2012-05-25,2021-07-20,False,0,,,price_download_failed
AM,Antero Midstream,Energy,AM,yahoo,1996-01-02,2004-05-02,True,103,2017-06-30,2025-12-31,
AMAT,Applied Materials,Information Technology,AMAT,yahoo,1996-01-02,,True,312,2000-01-31,2025-12-31,
AMCC,,Unknown,AMCC,none,2001-01-02,2006-05-17,False,0,,,price_download_failed
AMCR,Amcor,Materials,AMCR,yahoo,2019-06-07,,True,163,2012-06-30,2025-12-31,
AMD,Advanced Micro Devices,Information Technology,AMD,yahoo,1996-01-02,,True,312,2000-01-31,2025-12-31,
AME,Ametek,Industrials,AME,yahoo,2013-09-23,,True,312,2000-01-31,2025-12-31,
AMG,Affiliated Managers Group,Financials,AMG,yahoo,2014-07-01,2019-12-22,True,312,2000-01-31,2025-12-31,
AMGN,Amgen,Health Care,AMGN,yahoo,1996-01-02,,True,312,2000-01-31,2025-12-31,
AMP,Ameriprise Financial,Financials,AMP,yahoo,1996-01-02,,True,243,2005-10-31,2025-12-31,
AMT,American Tower,Real Estate,AMT,yahoo,2007-11-19,,True,312,2000-01-31,2025-12-31,
AMTM,Amentum,Industrials,AMTM,yahoo,2024-09-30,2024-12-22,True,15,2024-10-31,2025-12-31,
AMZN,Amazon,Consumer Discretionary,AMZN,yahoo,2005-11-21,,True,312,2000-01-31,2025-12-31,
AN,AutoNation,Consumer Discretionary,AN,yahoo,1996-01-02,2017-08-07,True,312,2000-01-31,2025-12-31,
ANDV,,Unknown,ANDV,yahoo,2007-09-27,2018-09-30,True,226,2000-01-31,2018-10-31,
ANDW,,Unknown,ANDW,none,1996-01-02,2006-10-01,False,0,,,price_download_failed
ANET,Arista Networks,Information Technology,ANET,yahoo,2018-08-28,,True,138,2014-07-31,2025-12-31,
ANF,,Unknown,ANF,yahoo,2007-03-29,2013-12-22,True,312,2000-01-31,2025-12-31,
ANRZQ,,Unknown,ANRZQ,none,2011-06-02,2012-10-01,False,0,,,price_download_failed
ANSS,,Unknown,ANSS,none,2017-06-19,2025-07-17,False,0,,,price_download_failed
ANTM,,Unknown,ANTM,none,2002-07-25,2022-06-27,False,0,,,price_download_failed
AON,Aon plc,Financials,AON,yahoo,1996-04-23,,True,312,2000-01-31,2025-12-31,
AOS,A. O. Smith,Industrials,AOS,yahoo,2017-07-26,,True,312,2000-01-31,2025-12-31,
APA,APA Corporation,Energy,APA,yahoo,1997-07-28,,True,312,2000-01-31,2025-12-31,
APC,,Unknown,APC,none,1997-07-28,2019-08-08,False,0,,,price_download_failed
APCC,,Unknown,APCC,none,2000-06-01,2007-02-14,False,0,,,price_download_failed
APD,Air Products,Materials,APD,yahoo,1996-01-02,,True,312,2000-01-31,2025-12-31,
APH,Amphenol,Information Technology,APH,yahoo,2008-09-30,,True,312,2000-01-31,2025-12-31,
APO,Apollo Global Management,Financials,APO,yahoo,2024-12-23,,True,177,2011-04-30,2025-12-31,
APOL,,Unknown,APOL,none,2002-05-15,2013-06-30,False,0,,,price_download_failed
APP,AppLovin,Information Technology,APP,yahoo,2025-09-22,,True,56,2021-05-31,2025-12-31,
APTV,Aptiv,Consumer Discretionary,APTV,yahoo,2012-12-24,,True,169,2011-12-31,2025-12-31,
ARC,,Unknown,ARC,none,1996-01-02,2000-04-17,False,0,,,price_download_failed
ARE,Alexandria Real Estate Equities,Real Estate,ARE,yahoo,2017-03-20,,True,312,2000-01-31,2025-12-31,
ARES,Ares Management,Financials,ARES,yahoo,2025-12-11,,True,139,2014-06-30,2025-12-31,
ARG,,Unknown,ARG,none,2009-09-09,2016-05-22,False,0,,,price_download_failed
ARNC,,Unknown,ARNC,none,1996-01-02,2020-04-05,False,0,,,price_download_failed
ASH,Ashland Global,Materials,ASH,yahoo,1996-01-02,2008-11-13,True,312,2000-01-31,2025-12-31,
ASN,,Unknown,ASN,none,2004-12-20,2007-10-07,False,0,,,price_download_failed
ASO,,Unknown,ASO,yahoo,1999-03-10,2006-11-05,True,62,2020-11-30,2025-12-31,
AT,,Unknown,AT,none,1996-01-02,2007-11-18,False,0,,,price_download_failed
ATGE,,Unknown,ATGE,none,2009-06-09,2012-09-30,False,0,,,price_download_failed
ATI,ATI Inc.,Industrials,ATI,yahoo,1996-01-02,2015-07-01,True,312,2000-01-31,2025-12-31,
ATO,Atmos Energy,Utilities,ATO,yahoo,2019-02-15,,True,312,2000-01-31,2025-12-31,
ATVI,,Unknown,ATVI,none,2015-08-31,2023-10-17,False,0,,,price_download_failed
AV,,Unknown,AV,none,2000-10-02,2007-10-25,False,0,,,price_download_failed
AVB,AvalonBay Communities,Real Estate,AVB,yahoo,2007-01-10,,True,312,2000-01-31,2025-12-31,
AVGO,Broadcom,Information Technology,AVGO,yahoo,2014-05-08,,True,196,2009-09-30,2025-12-31,
AVP,,Unknown,AVP,none,1996-01-02,2015-03-22,False,0,,,price_download_failed
AVY,Avery Dennison,Materials,AVY,yahoo,1996-01-02,,True,312,2000-01-31,2025-12-31,
AW,,Unknown,AW,none,1999-08-02,2008-12-04,False,0,,,price_download_failed
AWE,,Unknown,AWE,none,2001-07-09,2004-10-26,False,0,,,price_download_failed
AWK,American Water Works,Utilities,AWK,yahoo,2016-03-04,,True,212,2008-05-31,2025-12-31,
AXON,Axon Enterprise,Industrials,AXON,yahoo,2023-05-04,,True,294,2001-07-31,2025-12-31,
AXP,American Express,Financials,AXP,yahoo,1996-01-02,,True,312,2000-01-31,2025-12-31,
AYE,,Unknown,AYE,none,2000-12-11,2011-02-27,False,0,,,price_download_failed
AYI,Acuity Brands,Industrials,AYI,yahoo,2016-05-03,2018-06-17,True,288,2002-01-31,2025-12-31,
AZA.A,,Unknown,AZA-A,none,1996-01-02,2001-06-24,False,0,,,price_download_failed
AZO,AutoZone,Consumer Discretionary,AZO,yahoo,1997-01-02,,True,312,2000-01-31,2025-12-31,
BA,Boeing,Industrials,BA,yahoo,1996-01-02,,True,312,2000-01-31,2025-12-31,
BAC,Bank of America,Financials,BAC,yahoo,1996-01-02,,True,312,2000-01-31,2025-12-31,
BALL,Ball Corporation,Materials,BALL,yahoo,2022-05-10,,True,312,2000-01-31,2025-12-31,
BAX,Baxter International,Health Care,BAX,yahoo,1996-01-02,,True,312,2000-01-31,2025-12-31,
BBBY,,Unknown,BBBY,yahoo,1999-10-01,2017-07-25,True,283,2002-06-30,2025-12-31,
BBT,,Unknown,BBT,yahoo,1997-12-04,2019-12-08,True,306,2000-07-31,2025-12-31,
BBWI,"Bath & Body Works, Inc.",Consumer Discretionary,BBWI,yahoo,2021-08-03,2024-09-30,True,312,2000-01-31,2025-12-31,
BBY,Best Buy,Consumer Discretionary,BBY,yahoo,1999-06-30,,True,312,2000-01-31,2025-12-31,
BC,Brunswick Corporation,Consumer Discretionary,BC,yahoo,1996-01-02,2008-06-22,True,312,2000-01-31,2025-12-31,
BCR,,Unknown,BCR,none,1996-01-02,2017-12-28,False,0,,,price_download_failed
BDK,,Unknown,BDK,none,1996-01-02,2010-03-14,False,0,,,price_download_failed
BDX,Becton Dickinson,Health Care,BDX,yahoo,1996-01-02,,True,312,2000-01-31,2025-12-31,
BEAM,,Unknown,BEAM,yahoo,1996-01-02,2014-04-30,True,70,2020-03-31,2025-12-31,
BEN,Franklin Templeton Investments,Financials,BEN,yahoo,1998-04-29,,True,312,2000-01-31,2025-12-31,
BF.B,Brown–Forman (Class B),Consumer Staples,BF-B,yahoo,1996-01-02,,True,312,2000-01-31,2025-12-31,
BFO,,Unknown,BFO,none,1996-01-02,2000-10-02,False,0,,,price_download_failed
BG,Bunge Global,Consumer Staples,BG,yahoo,2023-03-15,,True,292,2001-09-30,2025-12-31,
BGEN,,Unknown,BGEN,none,2000-01-31,2003-11-12,False,0,,,price_download_failed
BGG,,Unknown,BGG,none,1996-01-02,2001-04-02,False,0,,,price_download_failed
BHF,Brighthouse Financial,Financials,BHF,yahoo,2017-08-07,2019-04-01,True,101,2017-08-31,2025-12-31,
BHGE,,Unknown,BHGE,none,1996-01-02,2019-10-17,False,0,,,price_download_failed
BHMSQ,,Unknown,BHMSQ,none,1996-01-02,2000-12-10,False,0,,,price_download_failed
BIG,,Unknown,BIG,none,1998-01-20,2013-02-13,False,0,,,price_download_failed
BIIB,Biogen,Health Care,BIIB,yahoo,2003-11-13,,True,312,2000-01-31,2025-12-31,
BIO,Bio-Rad Laboratories,Health Care,BIO,yahoo,2020-06-22,2024-09-22,True,312,2000-01-31,2025-12-31,
BJS,,Unknown,BJS,none,2002-05-15,2010-04-28,False,0,,,price_download_failed
BK,,Unknown,BK,yahoo,1996-01-02,2026-05-20,True,312,2000-01-31,2025-12-31,
BKNG,Booking Holdings,Consumer Discretionary,BKNG,yahoo,2009-11-06,,True,312,2000-01-31,2025-12-31,
BKR,Baker Hughes,Energy,BKR,yahoo,2019-10-18,,True,312,2000-01-31,2025-12-31,
BLDR,Builders FirstSource,Industrials,BLDR,yahoo,2023-10-18,,True,246,2005-07-31,2025-12-31,
BLK,BlackRock,Financials,BLK,yahoo,2011-04-04,,True,312,2000-01-31,2025-12-31,
BLL,,Unknown,BLL,none,1996-01-02,2022-05-09,False,0,,,price_download_failed
BLS,,Unknown,BLS,none,1996-01-02,2007-01-02,False,0,,,price_download_failed
BMC,,Unknown,BMC,yahoo,1998-10-01,2013-09-10,True,117,2012-07-31,2022-03-31,
BMET,,Unknown,BMET,none,1996-01-02,2007-07-11,False,0,,,price_download_failed
BMS,,Unknown,BMS,yahoo,1996-01-02,2014-12-04,True,234,2000-01-31,2019-06-30,
BMY,Bristol Myers Squibb,Health Care,BMY,yahoo,1996-01-02,,True,312,2000-01-31,2025-12-31,
BNI,,Unknown,BNI,none,1996-01-02,2010-02-15,False,0,,,price_download_failed
BOL,,Unknown,BOL,yahoo,1996-01-02,2007-10-28,True,217,2000-01-31,2018-01-31,
BR,Broadridge Financial Solutions,Industrials,BR,yahoo,1996-01-02,,True,225,2007-04-30,2025-12-31,
BRCM,,Unknown,BRCM,none,2000-07-03,2016-01-31,False,0,,,price_download_failed
BRK.B,Berkshire Hathaway,Financials,BRK-B,yahoo,2010-02-16,,True,312,2000-01-31,2025-12-31,
BRL,,Unknown,BRL,none,2006-02-27,2008-12-22,False,0,,,price_download_failed
BRO,Brown & Brown,Financials,BRO,yahoo,2021-09-20,,True,312,2000-01-31,2025-12-31,
BSC,,Unknown,BSC,none,1998-07-01,2008-06-01,False,0,,,price_download_failed
BSX,Boston Scientific,Health Care,BSX,yahoo,1996-01-02,,True,312,2000-01-31,2025-12-31,
BTUUQ,,Unknown,BTUUQ,none,2006-11-20,2014-09-21,False,0,,,price_download_failed
BUD,,Unknown,BUD,yahoo,1996-01-02,2008-11-17,True,197,2009-08-31,2025-12-31,
BVSN,,Unknown,BVSN,none,2000-11-06,2001-09-03,False,0,,,price_download_failed
BWA,BorgWarner,Consumer Discretionary,BWA,yahoo,2011-12-19,2025-03-23,True,312,2000-01-31,2025-12-31,
BX,Blackstone Inc.,Financials,BX,yahoo,2023-09-18,,True,222,2007-07-31,2025-12-31,
BXLT,,Unknown,BXLT,none,2015-07-01,2016-06-02,False,0,,,price_download_failed
BXP,"BXP, Inc.",Real Estate,BXP,yahoo,2006-04-03,,True,312,2000-01-31,2025-12-31,
C,Citigroup,Financials,C,yahoo,1996-01-02,,True,312,2000-01-31,2025-12-31,
CA,,Unknown,CA,yahoo,1996-01-02,2018-11-05,True,24,2024-01-31,2025-12-31,
CAG,Conagra Brands,Consumer Staples,CAG,yahoo,1996-01-02,,True,312,2000-01-31,2025-12-31,
CAH,Cardinal Health,Health Care,CAH,yahoo,1997-05-27,,True,312,2000-01-31,2025-12-31,
CAM,,Unknown,CAM,yahoo,2008-01-29,2016-04-03,True,2,2025-11-30,2025-12-31,
CAR,Avis Budget Group,Industrials,CAR,yahoo,1996-01-02,2006-07-31,True,312,2000-01-31,2025-12-31,
CARR,Carrier Global,Industrials,CARR,yahoo,2020-04-03,,True,69,2020-04-30,2025-12-31,
CAT,Caterpillar Inc.,Industrials,CAT,yahoo,1996-01-02,,True,312,2000-01-31,2025-12-31,
CB,Chubb Limited,Financials,CB,yahoo,1996-01-02,,True,312,2000-01-31,2025-12-31,
CBE,,Unknown,CBE,yahoo,1996-01-02,2012-12-02,True,217,2000-01-31,2018-01-31,
CBH,,Unknown,CBH,none,2006-06-06,2008-03-30,False,0,,,price_download_failed
CBOE,Cboe Global Markets,Financials,CBOE,yahoo,2017-03-01,,True,186,2010-07-31,2025-12-31,
CBRE,CBRE Group,Real Estate,CBRE,yahoo,2006-11-10,,True,258,2004-07-31,2025-12-31,
CBS,,Unknown,CBS,none,1996-01-02,2019-12-04,False,0,,,price_download_failed
CBSS,,Unknown,CBSS,none,2004-12-20,2007-09-06,False,0,,,price_download_failed
CCE,,Unknown,CCE,yahoo,1998-10-08,2016-05-30,True,7,2019-03-31,2020-04-30,
CCEP,,Unknown,CCEP,yahoo,2016-01-04,2016-05-30,True,312,2000-01-31,2025-12-31,
CCI,Crown Castle,Real Estate,CCI,yahoo,1996-01-02,,True,312,2000-01-31,2025-12-31,
CCK,Crown Holdings,Materials,CCK,yahoo,1996-01-02,2000-12-10,True,312,2000-01-31,2025-12-31,
CCL,Carnival Corporation,Consumer Discretionary,CCL,yahoo,1998-12-22,,True,312,2000-01-31,2025-12-31,
CCTYQ,,Unknown,CCTYQ,none,1996-01-02,2008-03-30,False,0,,,price_download_failed
CCU,,Unknown,CCU,yahoo,1997-09-02,2008-07-30,True,312,2000-01-31,2025-12-31,
CDAY,,Unknown,CDAY,none,2021-09-20,2024-01-31,False,0,,,price_download_failed
CDNS,Cadence Design Systems,Information Technology,CDNS,yahoo,2017-09-18,,True,312,2000-01-31,2025-12-31,
CDW,CDW,Information Technology,CDW,yahoo,2019-09-23,,True,150,2013-07-31,2025-12-31,
CE,Celanese,Materials,CE,yahoo,2001-04-02,2025-03-23,True,251,2005-02-28,2025-12-31,
CEG,Constellation Energy,Utilities,CEG,yahoo,1996-01-02,,True,47,2022-02-28,2025-12-31,
CELG,,Unknown,CELG,none,2006-11-06,2019-11-20,False,0,,,price_download_failed
CEN,,Unknown,CEN,none,1996-01-02,2001-04-01,False,0,,,price_download_failed
CEPH,,Unknown,CEPH,none,2008-11-17,2011-10-13,False,0,,,price_download_failed
CERN,,Unknown,CERN,none,2010-04-30,2022-06-07,False,0,,,price_download_failed
CF,CF Industries,Materials,CF,yahoo,2000-06-19,,True,244,2005-09-30,2025-12-31,
CFC,,Unknown,CFC,yahoo,1997-06-18,2008-06-30,True,225,2000-02-29,2019-11-30,
CFG,Citizens Financial Group,Financials,CFG,yahoo,2016-02-01,,True,135,2014-10-31,2025-12-31,
CFN,,Unknown,CFN,none,2009-09-01,2015-03-16,False,0,,,price_download_failed
CG,Carlyle Group (The),Financials,CG,yahoo,1996-01-02,2000-11-01,True,163,2012-06-30,2025-12-31,
CGP,,Unknown,CGP,none,1996-01-02,2001-01-29,False,0,,,price_download_failed
CHA,,Unknown,CHA,yahoo,1996-01-02,2000-06-18,True,8,2025-05-31,2025-12-31,
CHD,Church & Dwight,Consumer Staples,CHD,yahoo,2015-12-29,,True,312,2000-01-31,2025-12-31,
CHIR,,Unknown,CHIR,yahoo,2000-11-24,2006-04-19,True,63,2019-01-31,2024-03-31,
CHK,,Unknown,CHK,none,2006-03-03,2018-03-18,False,0,,,price_download_failed
CHRW,C.H. Robinson,Industrials,CHRW,yahoo,2007-03-02,,True,312,2000-01-31,2025-12-31,
CHTR,Charter Communications,Communication Services,CHTR,yahoo,2016-09-08,,True,191,2010-02-28,2025-12-31,
CI,Cigna,Health Care,CI,yahoo,1996-01-02,,True,312,2000-01-31,2025-12-31,
CIEN,Ciena,Information Technology,CIEN,yahoo,2001-08-30,,True,312,2000-01-31,2025-12-31,
CIN,,Unknown,CIN,yahoo,1996-01-02,2006-04-02,True,217,2000-01-31,2018-01-31,
CINF,Cincinnati Financial,Financials,CINF,yahoo,1997-12-18,,True,312,2000-01-31,2025-12-31,
CIT.A,,Unknown,CIT-A,none,2000-07-17,2001-06-03,False,0,,,price_download_failed
CITGQ,,Unknown,CITGQ,none,2004-10-27,2009-07-26,False,0,,,price_download_failed
CL,Colgate-Palmolive,Consumer Staples,CL,yahoo,1996-01-02,,True,312,2000-01-31,2025-12-31,
CLF,Cleveland-Cliffs,Materials,CLF,yahoo,2009-12-21,2014-04-01,True,312,2000-01-31,2025-12-31,
CLX,Clorox,Consumer Staples,CLX,yahoo,1996-01-02,,True,312,2000-01-31,2025-12-31,
CMA,,Unknown,CMA,none,1996-01-02,2024-06-23,False,0,,,price_download_failed
CMCSA,Comcast,Communication Services,CMCSA,yahoo,1996-01-02,,True,312,2000-01-31,2025-12-31,
CMCSK,,Unknown,CMCSK,none,2015-09-21,2015-12-13,False,0,,,price_download_failed
CME,CME Group,Financials,CME,yahoo,2006-08-11,,True,276,2003-01-31,2025-12-31,
CMG,Chipotle Mexican Grill,Consumer Discretionary,CMG,yahoo,2011-04-28,,True,239,2006-02-28,2025-12-31,
CMI,Cummins,Industrials,CMI,yahoo,1996-01-02,,True,312,2000-01-31,2025-12-31,
CMS,CMS Energy,Utilities,CMS,yahoo,1999-05-03,,True,312,2000-01-31,2025-12-31,
CMVT,,Unknown,CMVT,yahoo,1999-10-27,2007-01-31,True,158,2000-01-31,2013-02-28,
CMX,,Unknown,CMX,yahoo,2004-03-25,2007-03-22,True,136,2010-12-31,2022-03-31,
CNC,Centene,Health Care,CNC,yahoo,1997-01-15,,True,288,2002-01-31,2025-12-31,
CNG,,Unknown,CNG,yahoo,1996-01-02,2000-01-30,True,124,2011-12-31,2022-03-31,
CNP,Centerpoint Energy,Utilities,CNP,yahoo,1996-01-02,,True,312,2000-01-31,2025-12-31,
CNX,,Unknown,CNX,yahoo,2006-06-28,2016-03-03,True,312,2000-01-31,2025-12-31,
CNXT,,Unknown,CNXT,yahoo,2000-01-31,2002-06-25,True,137,2014-08-31,2025-12-31,
COC.B,,Unknown,COC-B,none,1999-08-09,2002-09-02,False,0,,,price_download_failed
COF,Capital One,Financials,COF,yahoo,1998-07-01,,True,312,2000-01-31,2025-12-31,
COG,,Unknown,COG,none,2008-06-23,2021-10-03,False,0,,,price_download_failed
COIN,Coinbase,Financials,COIN,yahoo,2025-05-19,,True,56,2021-05-31,2025-12-31,
COL,,Unknown,COL,yahoo,2001-07-02,2018-11-26,True,99,2012-09-30,2020-11-30,
COMS,,Unknown,COMS,yahoo,1996-01-02,2000-07-27,True,208,2008-09-30,2025-12-31,
COO,Cooper Companies (The),Health Care,COO,yahoo,2016-09-23,,True,312,2000-01-31,2025-12-31,
COP,ConocoPhillips,Energy,COP,yahoo,1996-01-02,,True,312,2000-01-31,2025-12-31,
COR,Cencora,Health Care,COR,yahoo,2023-08-30,,True,312,2000-01-31,2025-12-31,
COST,Costco,Consumer Staples,COST,yahoo,1996-01-02,,True,312,2000-01-31,2025-12-31,
COTY,Coty,Consumer Staples,COTY,yahoo,2016-10-03,2020-09-20,True,150,2013-07-31,2025-12-31,
COV,,Unknown,COV,none,1996-01-02,2015-01-26,False,0,,,price_download_failed
CPAY,Corpay,Financials,CPAY,yahoo,2024-03-25,,True,180,2011-01-31,2025-12-31,
CPB,Campbell Soup Company,Consumer Staples,CPB,yahoo,1996-01-02,,True,312,2000-01-31,2025-12-31,
CPGX,,Unknown,CPGX,none,2015-07-02,2016-06-30,False,0,,,price_download_failed
CPNLQ,,Unknown,CPNLQ,none,2000-12-01,2005-12-01,False,0,,,price_download_failed
CPQ,,Unknown,CPQ,yahoo,1996-01-02,2002-05-05,True,113,2004-11-30,2014-03-31,
CPRI,,Unknown,CPRI,yahoo,2016-01-04,2020-05-11,True,168,2012-01-31,2025-12-31,
CPRT,Copart,Industrials,CPRT,yahoo,2018-07-02,,True,312,2000-01-31,2025-12-31,
CPT,Camden Property Trust,Real Estate,CPT,yahoo,2022-04-04,,True,312,2000-01-31,2025-12-31,
CPWR,,Unknown,CPWR,yahoo,1999-01-04,2012-01-02,True,228,2007-01-31,2025-12-31,
CR,Crane Co.,Industrials,CR,yahoo,1996-01-02,2004-12-19,True,33,2023-04-30,2025-12-31,
CRH,CRH plc,Materials,CRH,yahoo,2025-12-22,,True,312,2000-01-31,2025-12-31,
CRL,Charles River Laboratories,Health Care,CRL,yahoo,2021-05-14,,True,306,2000-07-31,2025-12-31,
CRM,Salesforce,Information Technology,CRM,yahoo,2008-09-15,,True,258,2004-07-31,2025-12-31,
CRWD,CrowdStrike,Information Technology,CRWD,yahoo,2024-06-24,,True,78,2019-07-31,2025-12-31,
CSCO,Cisco,Information Technology,CSCO,yahoo,1996-01-02,,True,312,2000-01-31,2025-12-31,
CSGP,CoStar Group,Real Estate,CSGP,yahoo,2022-09-19,,True,312,2000-01-31,2025-12-31,
CSR,,Unknown,CSR,yahoo,1996-01-02,2000-06-15,True,312,2000-01-31,2025-12-31,
CSRA,,Unknown,CSRA,yahoo,2015-11-30,2018-04-03,True,29,2015-12-31,2018-04-30,
CSX,CSX Corporation,Industrials,CSX,yahoo,1996-01-02,,True,312,2000-01-31,2025-12-31,
CTAS,Cintas,Industrials,CTAS,yahoo,2001-03-01,,True,312,2000-01-31,2025-12-31,
CTB,,Unknown,CTB,none,1996-01-02,2006-07-17,False,0,,,price_download_failed
CTL,,Unknown,CTL,none,1999-03-25,2020-09-17,False,0,,,price_download_failed
CTLT,,Unknown,CTLT,none,2020-09-21,2024-12-22,False,0,,,price_download_failed
CTRA,,Unknown,CTRA,yahoo,2021-10-04,2026-05-06,True,312,2000-01-31,2025-12-31,
CTSH,Cognizant,Information Technology,CTSH,yahoo,2006-11-17,,True,312,2000-01-31,2025-12-31,
CTVA,Corteva,Materials,CTVA,yahoo,2019-06-03,,True,79,2019-06-30,2025-12-31,
CTX,,Unknown,CTX,none,1996-01-02,2009-08-18,False,0,,,price_download_failed
CTXS,,Unknown,CTXS,none,1999-12-01,2022-10-02,False,0,,,price_download_failed
CVC,,Unknown,CVC,none,2010-12-20,2016-06-20,False,0,,,price_download_failed
CVG,,Unknown,CVG,yahoo,2000-06-13,2009-12-20,True,312,2000-01-31,2025-12-31,
CVH,,Unknown,CVH,none,2005-08-30,2013-05-06,False,0,,,price_download_failed
CVNA,Carvana,Consumer Discretionary,CVNA,yahoo,2025-12-22,,True,104,2017-05-31,2025-12-31,
CVS,CVS Health,Health Care,CVS,yahoo,1996-01-02,,True,312,2000-01-31,2025-12-31,
CVX,Chevron Corporation,Energy,CVX,yahoo,1996-01-02,,True,312,2000-01-31,2025-12-31,
CXO,,Unknown,CXO,none,2016-02-22,2021-01-20,False,0,,,price_download_failed
CZR,Caesars Entertainment,Consumer Discretionary,CZR,yahoo,2021-03-22,2025-09-21,True,135,2014-10-31,2025-12-31,
D,Dominion Energy,Utilities,D,yahoo,1996-01-02,,True,312,2000-01-31,2025-12-31,
DAL,Delta Air Lines,Industrials,DAL,yahoo,2013-09-11,,True,223,2007-06-30,2025-12-31,
DALRQ,,Unknown,DALRQ,none,1996-01-02,2005-08-18,False,0,,,price_download_failed
DASH,DoorDash,Consumer Discretionary,DASH,yahoo,2025-03-24,,True,60,2021-01-31,2025-12-31,
DAY,,Unknown,DAY,none,2024-02-01,2026-02-08,False,0,,,price_download_failed
DCNAQ,,Unknown,DCNAQ,none,1996-01-02,2006-03-02,False,0,,,price_download_failed
DD,DuPont,Materials,DD,yahoo,1996-01-02,,True,312,2000-01-31,2025-12-31,
DDOG,Datadog,Information Technology,DDOG,yahoo,2025-07-09,,True,75,2019-10-31,2025-12-31,
DDR,,Unknown,DDR,yahoo,2007-03-23,2009-03-29,True,261,2000-01-31,2021-09-30,
DDS,Dillard's,Consumer Discretionary,DDS,yahoo,1996-01-02,2008-10-21,True,312,2000-01-31,2025-12-31,
DE,Deere & Company,Industrials,DE,yahoo,1996-01-02,,True,312,2000-01-31,2025-12-31,
DECK,Deckers Brands,Consumer Discretionary,DECK,yahoo,2024-03-18,,True,312,2000-01-31,2025-12-31,
DELL,Dell Technologies,Information Technology,DELL,yahoo,1996-09-06,,True,112,2016-09-30,2025-12-31,
DF,,Unknown,DF,none,2006-04-03,2013-05-23,False,0,,,price_download_failed
DFS,,Unknown,DFS,none,2007-07-02,2025-05-18,False,0,,,price_download_failed
DG,Dollar General,Consumer Staples,DG,yahoo,1998-07-16,,True,193,2009-12-31,2025-12-31,
DGX,Quest Diagnostics,Health Care,DGX,yahoo,2002-12-12,,True,312,2000-01-31,2025-12-31,
DHI,D. R. Horton,Consumer Discretionary,DHI,yahoo,2005-07-05,,True,312,2000-01-31,2025-12-31,
DHR,Danaher Corporation,Health Care,DHR,yahoo,1998-11-18,,True,312,2000-01-31,2025-12-31,
DIS,Walt Disney Company (The),Communication Services,DIS,yahoo,1996-01-02,,True,312,2000-01-31,2025-12-31,
DISCA,,Unknown,DISCA,none,2010-03-01,2022-04-10,False,0,,,price_download_failed
DISCK,,Unknown,DISCK,none,2014-08-07,2022-04-10,False,0,,,price_download_failed
DISH,,Unknown,DISH,none,2017-03-13,2023-06-19,False,0,,,price_download_failed
DJ,,Unknown,DJ,none,1996-01-02,2007-12-13,False,0,,,price_download_failed
DLR,Digital Realty,Real Estate,DLR,yahoo,2016-05-18,,True,254,2004-11-30,2025-12-31,
DLTR,Dollar Tree,Consumer Staples,DLTR,yahoo,2011-12-19,,True,312,2000-01-31,2025-12-31,
DLX,,Unknown,DLX,yahoo,1996-01-02,2004-12-19,True,312,2000-01-31,2025-12-31,
DNB,,Unknown,DNB,none,2008-12-02,2017-04-04,False,0,,,price_download_failed
DNR,,Unknown,DNR,none,2009-04-02,2015-03-22,False,0,,,price_download_failed
DO,,Unknown,DO,none,2009-02-26,2016-10-02,False,0,,,price_download_failed
DOC,Healthpeak Properties,Real Estate,DOC,yahoo,2024-03-04,,True,312,2000-01-31,2025-12-31,
DOV,Dover Corporation,Industrials,DOV,yahoo,1996-01-02,,True,312,2000-01-31,2025-12-31,
DOW,Dow Inc.,Materials,DOW,yahoo,1996-01-02,,True,81,2019-04-30,2025-12-31,
DPHIQ,,Unknown,DPHIQ,none,1999-05-28,2005-10-10,False,0,,,price_download_failed
DPZ,Domino's,Consumer Discretionary,DPZ,yahoo,2020-05-12,,True,257,2004-08-31,2025-12-31,
DRE,,Unknown,DRE,none,2017-07-26,2022-10-02,False,0,,,price_download_failed
DRI,Darden Restaurants,Consumer Discretionary,DRI,yahoo,1996-01-02,,True,312,2000-01-31,2025-12-31,
DTE,DTE Energy,Utilities,DTE,yahoo,1996-01-02,,True,312,2000-01-31,2025-12-31,
DTV,,Unknown,DTV,none,2006-12-04,2015-07-26,False,0,,,price_download_failed
DUK,Duke Energy,Utilities,DUK,yahoo,1996-01-02,,True,312,2000-01-31,2025-12-31,
DVA,DaVita,Health Care,DVA,yahoo,2008-07-31,,True,312,2000-01-31,2025-12-31,
DVN,Devon Energy,Energy,DVN,yahoo,2000-08-30,,True,312,2000-01-31,2025-12-31,
DWDP,,Unknown,DWDP,none,2017-09-01,2019-06-02,False,0,,,price_download_failed
DXC,DXC Technology,Information Technology,DXC,yahoo,1996-01-02,2023-10-01,True,312,2000-01-31,2025-12-31,
DXCM,Dexcom,Health Care,DXCM,yahoo,2020-05-12,,True,248,2005-05-31,2025-12-31,
DYN,,Unknown,DYN,yahoo,2000-10-03,2009-12-20,True,63,2020-10-31,2025-12-31,
EA,Electronic Arts,Communication Services,EA,yahoo,2002-07-22,,True,312,2000-01-31,2025-12-31,
EBAY,eBay,Consumer Discretionary,EBAY,yahoo,2002-07-22,,True,312,2000-01-31,2025-12-31,
EC,,Unknown,EC,yahoo,1996-01-02,2006-06-05,True,207,2008-10-31,2025-12-31,
ECL,Ecolab,Materials,ECL,yahoo,1996-01-02,,True,312,2000-01-31,2025-12-31,
ED,Consolidated Edison,Utilities,ED,yahoo,1996-01-02,,True,312,2000-01-31,2025-12-31,
EDS,,Unknown,EDS,none,1998-08-11,2008-08-25,False,0,,,price_download_failed
EFU,,Unknown,EFU,yahoo,1996-01-02,2000-11-01,True,218,2007-11-30,2025-12-31,
EFX,Equifax,Industrials,EFX,yahoo,1997-06-19,,True,312,2000-01-31,2025-12-31,
EG,Everest Group,Financials,EG,yahoo,2023-07-10,,True,312,2000-01-31,2025-12-31,
EHC,Encompass Health,Health Care,EHC,yahoo,1997-01-08,2003-03-20,True,312,2000-01-31,2025-12-31,
EIX,Edison International,Utilities,EIX,yahoo,1996-01-02,,True,312,2000-01-31,2025-12-31,
EKDKQ,,Unknown,EKDKQ,none,1996-01-02,2010-12-19,False,0,,,price_download_failed
EL,Estée Lauder Companies (The),Consumer Staples,EL,yahoo,2006-01-05,,True,312,2000-01-31,2025-12-31,
ELV,Elevance Health,Health Care,ELV,yahoo,2022-06-28,,True,290,2001-11-30,2025-12-31,
EMC,,Unknown,EMC,yahoo,1996-03-28,2016-09-06,True,31,2023-06-30,2025-12-31,
EME,Emcor,Industrials,EME,yahoo,2025-09-22,,True,312,2000-01-31,2025-12-31,
EMN,Eastman Chemical Company,Materials,EMN,yahoo,1996-01-02,2025-11-03,True,312,2000-01-31,2025-12-31,
EMR,Emerson Electric,Industrials,EMR,yahoo,1996-01-02,,True,312,2000-01-31,2025-12-31,
ENDP,,Unknown,ENDP,none,2015-01-27,2017-03-01,False,0,,,price_download_failed
ENPH,Enphase Energy,Information Technology,ENPH,yahoo,2021-01-07,2025-09-21,True,165,2012-04-30,2025-12-31,
ENRNQ,,Unknown,ENRNQ,none,1996-01-02,2001-11-29,False,0,,,price_download_failed
EOG,EOG Resources,Energy,EOG,yahoo,2000-11-02,,True,312,2000-01-31,2025-12-31,
EOP,,Unknown,EOP,none,2001-10-10,2007-02-11,False,0,,,price_download_failed
EP,,Unknown,EP,yahoo,1999-10-26,2012-05-24,True,312,2000-01-31,2025-12-31,
EPAM,EPAM Systems,Information Technology,EPAM,yahoo,2021-12-14,2026-06-01,True,166,2012-03-31,2025-12-31,
EQ,,Unknown,EQ,yahoo,2006-05-18,2009-06-30,True,86,2018-11-30,2025-12-31,
EQIX,Equinix,Real Estate,EQIX,yahoo,2015-03-23,,True,304,2000-09-30,2025-12-31,
EQR,Equity Residential,Real Estate,EQR,yahoo,2001-12-03,,True,312,2000-01-31,2025-12-31,
EQT,EQT Corporation,Energy,EQT,yahoo,2008-12-19,,True,312,2000-01-31,2025-12-31,
ERIE,Erie Indemnity,Unknown,ERIE,yahoo,2024-09-23,,True,312,2000-01-31,2025-12-31,
ES,Eversource Energy,Utilities,ES,yahoo,2009-03-17,,True,312,2000-01-31,2025-12-31,
ESRX,,Unknown,ESRX,yahoo,2003-09-26,2018-12-20,True,228,2000-01-31,2018-12-31,
ESS,Essex Property Trust,Real Estate,ESS,yahoo,2014-04-02,,True,312,2000-01-31,2025-12-31,
ESV,,Unknown,ESV,none,2007-01-04,2016-03-29,False,0,,,price_download_failed
ETFC,,Unknown,ETFC,none,2004-04-01,2020-10-06,False,0,,,price_download_failed
ETN,Eaton Corporation,Industrials,ETN,yahoo,1996-01-02,,True,312,2000-01-31,2025-12-31,
ETR,Entergy,Utilities,ETR,yahoo,1996-01-02,,True,312,2000-01-31,2025-12-31,
ETS,,Unknown,ETS,yahoo,1996-01-02,2001-08-05,True,4,2025-09-30,2025-12-31,
ETSY,Etsy,Consumer Discretionary,ETSY,yahoo,2020-09-21,2024-09-22,True,128,2015-05-31,2025-12-31,
EVHC,,Unknown,EVHC,yahoo,2016-12-02,2018-10-10,True,62,2013-09-30,2018-10-31,
EVRG,Evergy,Utilities,EVRG,yahoo,2018-06-05,,True,312,2000-01-31,2025-12-31,
EW,Edwards Lifesciences,Health Care,EW,yahoo,2011-04-01,,True,309,2000-04-30,2025-12-31,
EXC,Exelon,Utilities,EXC,yahoo,1996-01-02,,True,312,2000-01-31,2025-12-31,
EXE,Expand Energy,Energy,EXE,yahoo,2025-03-24,,True,58,2021-03-31,2025-12-31,
EXPD,Expeditors International,Industrials,EXPD,yahoo,2007-10-10,,True,312,2000-01-31,2025-12-31,
EXPE,Expedia Group,Consumer Discretionary,EXPE,yahoo,2007-10-02,,True,245,2005-08-31,2025-12-31,
EXR,Extra Space Storage,Real Estate,EXR,yahoo,2016-01-19,,True,256,2004-09-30,2025-12-31,
F,Ford Motor Company,Consumer Discretionary,F,yahoo,1996-01-02,,True,312,2000-01-31,2025-12-31,
FANG,Diamondback Energy,Energy,FANG,yahoo,2018-12-03,,True,158,2012-11-30,2025-12-31,
FAST,Fastenal,Industrials,FAST,yahoo,2008-09-15,,True,312,2000-01-31,2025-12-31,
FB,,Unknown,FB,yahoo,2013-12-23,2022-06-08,True,6,2025-07-31,2025-12-31,
FBF,,Unknown,FBF,none,1996-01-02,2004-03-31,False,0,,,price_download_failed
FBHS,,Unknown,FBHS,none,2016-06-24,2022-12-18,False,0,,,price_download_failed
FCPT,,Unknown,FCPT,yahoo,2015-11-10,2015-11-16,True,121,2015-12-31,2025-12-31,
FCX,Freeport-McMoRan,Materials,FCX,yahoo,1996-01-02,,True,312,2000-01-31,2025-12-31,
FDC,,Unknown,FDC,none,1996-01-02,2007-09-24,False,0,,,price_download_failed
FDO,,Unknown,FDO,none,2001-08-06,2015-07-06,False,0,,,price_download_failed
FDS,FactSet,Financials,FDS,yahoo,2021-12-20,,True,312,2000-01-31,2025-12-31,
FDX,FedEx,Industrials,FDX,yahoo,1996-01-02,,True,312,2000-01-31,2025-12-31,
FE,FirstEnergy,Utilities,FE,yahoo,1996-01-02,,True,312,2000-01-31,2025-12-31,
FFIV,"F5, Inc.",Information Technology,FFIV,yahoo,2010-12-20,,True,312,2000-01-31,2025-12-31,
FHN,First Horizon Corporation,Financials,FHN,yahoo,2002-05-06,2013-06-23,True,312,2000-01-31,2025-12-31,
FI,,Unknown,FI,none,2023-06-07,2025-11-10,False,0,,,price_download_failed
FICO,Fair Isaac,Information Technology,FICO,yahoo,2023-03-20,,True,312,2000-01-31,2025-12-31,
FII,,Unknown,FII,none,2003-04-16,2013-01-01,False,0,,,price_download_failed
FIS,Fidelity National Information Services,Financials,FIS,yahoo,2006-11-10,,True,294,2001-07-31,2025-12-31,
FISV,Fiserv,Financials,FISV,yahoo,2001-04-02,,True,312,2000-01-31,2025-12-31,
FITB,Fifth Third Bancorp,Financials,FITB,yahoo,1996-03-08,,True,312,2000-01-31,2025-12-31,
FIX,Comfort Systems USA,Industrials,FIX,yahoo,2025-12-22,,True,312,2000-01-31,2025-12-31,
FJ,,Unknown,FJ,none,1996-01-02,2000-11-23,False,0,,,price_download_failed
FL,,Unknown,FL,none,1996-01-02,2019-08-08,False,0,,,price_download_failed
FLIR,,Unknown,FLIR,none,2009-01-02,2021-05-13,False,0,,,price_download_failed
FLR,,Unknown,FLR,yahoo,2000-12-22,2019-06-02,True,300,2001-01-31,2025-12-31,
FLS,Flowserve,Industrials,FLS,yahoo,2008-10-02,2021-03-21,True,312,2000-01-31,2025-12-31,
FLT,,Unknown,FLT,none,2018-06-20,2024-03-24,False,0,,,price_download_failed
FLTWQ,,Unknown,FLTWQ,none,1996-01-02,2000-01-30,False,0,,,price_download_failed
FMC,FMC Corporation,Materials,FMC,yahoo,1996-01-02,2025-03-23,True,312,2000-01-31,2025-12-31,
FMCC,,Unknown,FMCC,yahoo,1996-01-02,2008-09-10,True,312,2000-01-31,2025-12-31,
FNMA,,Unknown,FNMA,yahoo,1996-01-02,2008-09-10,True,312,2000-01-31,2025-12-31,
FOSL,,Unknown,FOSL,yahoo,2012-04-04,2016-01-04,True,312,2000-01-31,2025-12-31,
FOX,Fox Corporation (Class B),Communication Services,FOX,yahoo,2015-09-21,,True,81,2019-04-30,2025-12-31,
FOXA,Fox Corporation (Class A),Communication Services,FOXA,yahoo,2004-12-20,,True,81,2019-04-30,2025-12-31,
FPC,,Unknown,FPC,yahoo,1999-06-22,2000-11-30,True,51,2016-06-30,2022-03-31,
FRC,,Unknown,FRC,none,2019-01-02,2023-05-03,False,0,,,price_download_failed
FRT,Federal Realty Investment Trust,Real Estate,FRT,yahoo,2016-02-01,,True,312,2000-01-31,2025-12-31,
FRX,,Unknown,FRX,none,2000-11-22,2014-06-30,False,0,,,price_download_failed
FSH,,Unknown,FSH,yahoo,2004-08-03,2006-11-09,True,99,2007-12-31,2016-06-30,
FSL,,Unknown,FSL,none,2004-12-03,2006-12-03,False,0,,,price_download_failed
FSLR,First Solar,Information Technology,FSLR,yahoo,2009-10-16,,True,229,2006-12-31,2025-12-31,
FTI,TechnipFMC,Energy,FTI,yahoo,2009-06-05,2021-02-11,True,294,2001-07-31,2025-12-31,
FTNT,Fortinet,Information Technology,FTNT,yahoo,2018-10-11,,True,193,2009-12-31,2025-12-31,
FTR,,Unknown,FTR,none,2001-02-27,2017-03-19,False,0,,,price_download_failed
FTV,Fortive,Industrials,FTV,yahoo,2016-07-05,,True,113,2016-08-31,2025-12-31,
FWLT,,Unknown,FWLT,none,1996-01-02,2000-01-30,False,0,,,price_download_failed
G,Genpact,Industrials,G,yahoo,1996-01-02,2005-10-02,True,220,2007-09-30,2025-12-31,
GAPTQ,,Unknown,GAPTQ,none,1996-01-02,2000-08-29,False,0,,,price_download_failed
GAS,,Unknown,GAS,none,1996-01-02,2016-06-30,False,0,,,price_download_failed
GD,General Dynamics,Industrials,GD,yahoo,1996-01-02,,True,312,2000-01-31,2025-12-31,
GDDY,GoDaddy,Information Technology,GDDY,yahoo,2024-06-24,,True,129,2015-04-30,2025-12-31,
GDT,,Unknown,GDT,none,1996-12-19,2006-04-23,False,0,,,price_download_failed
GDW,,Unknown,GDW,yahoo,1996-01-02,2006-10-01,True,157,2003-04-30,2016-06-30,
GE,GE Aerospace,Industrials,GE,yahoo,1996-01-02,,True,312,2000-01-31,2025-12-31,
GEHC,GE HealthCare,Health Care,GEHC,yahoo,2023-01-04,,True,36,2023-01-31,2025-12-31,
GEN,Gen Digital,Information Technology,GEN,yahoo,2022-11-08,,True,312,2000-01-31,2025-12-31,
GENZ,,Unknown,GENZ,yahoo,2001-12-14,2011-04-03,True,215,2008-02-29,2025-12-31,
GEV,GE Vernova,Industrials,GEV,yahoo,2024-04-03,,True,21,2024-04-30,2025-12-31,
GGP,,Unknown,GGP,none,2007-07-02,2018-08-27,False,0,,,price_download_failed
GHC,,Unknown,GHC,yahoo,2007-12-31,2014-09-21,True,312,2000-01-31,2025-12-31,
GILD,Gilead Sciences,Health Care,GILD,yahoo,2004-07-01,,True,312,2000-01-31,2025-12-31,
GIS,General Mills,Consumer Staples,GIS,yahoo,1996-01-02,,True,312,2000-01-31,2025-12-31,
GL,Globe Life,Financials,GL,yahoo,2019-08-08,,True,312,2000-01-31,2025-12-31,
GLK,,Unknown,GLK,yahoo,1996-01-02,2005-07-04,True,151,2004-02-29,2017-03-31,
GLW,Corning Inc.,Information Technology,GLW,yahoo,1996-01-02,,True,312,2000-01-31,2025-12-31,
GM,General Motors,Consumer Discretionary,GM,yahoo,1996-01-02,,True,181,2010-12-31,2025-12-31,
GMCR,,Unknown,GMCR,none,2014-03-24,2016-03-02,False,0,,,price_download_failed
GME,GameStop,Consumer Discretionary,GME,yahoo,2007-12-14,2016-04-24,True,286,2002-03-31,2025-12-31,
GNRC,Generac,Industrials,GNRC,yahoo,2021-03-22,,True,190,2010-03-31,2025-12-31,
GNW,,Unknown,GNW,yahoo,2005-12-02,2015-11-17,True,259,2004-06-30,2025-12-31,
GOOG,Alphabet (Class C),Communication Services,GOOG,yahoo,2014-04-03,,True,256,2004-09-30,2025-12-31,
GOOGL,Alphabet (Class A),Communication Services,GOOGL,yahoo,2006-04-03,,True,256,2004-09-30,2025-12-31,
GP,,Unknown,GP,yahoo,1996-01-02,2005-12-19,True,64,2020-09-30,2025-12-31,
GPC,Genuine Parts Company,Consumer Discretionary,GPC,yahoo,1996-01-02,,True,312,2000-01-31,2025-12-31,
GPN,Global Payments,Financials,GPN,yahoo,2016-04-25,,True,299,2001-02-28,2025-12-31,
GPS,,Unknown,GPS,none,1996-01-02,2022-02-01,False,0,,,price_download_failed
GPU,,Unknown,GPU,none,1996-01-02,2001-11-06,False,0,,,price_download_failed
GR,,Unknown,GR,yahoo,1996-01-02,2012-07-26,True,205,2001-02-28,2018-02-28,
GRA,,Unknown,GRA,none,1996-01-02,2000-12-10,False,0,,,price_download_failed
GRMN,Garmin,Consumer Discretionary,GRMN,yahoo,2012-12-12,,True,300,2001-01-31,2025-12-31,
GS,Goldman Sachs,Financials,GS,yahoo,2002-07-22,,True,312,2000-01-31,2025-12-31,
GT,,Unknown,GT,yahoo,1996-01-02,2019-02-26,True,312,2000-01-31,2025-12-31,
GTE,,Unknown,GTE,yahoo,1996-01-02,2000-07-02,True,240,2006-01-31,2025-12-31,
GTW,,Unknown,GTW,none,1998-04-27,2006-07-31,False,0,,,price_download_failed
GWW,W. W. Grainger,Industrials,GWW,yahoo,1996-01-02,,True,312,2000-01-31,2025-12-31,
GX,,Unknown,GX,none,1999-09-29,2001-10-09,False,0,,,price_download_failed
H,Hyatt Hotels,Consumer Discretionary,H,yahoo,1996-01-02,2007-04-09,True,193,2009-12-31,2025-12-31,
HAL,Halliburton,Energy,HAL,yahoo,1996-01-02,,True,312,2000-01-31,2025-12-31,
HAR,,Unknown,HAR,yahoo,2006-02-01,2017-03-12,True,110,2013-02-28,2022-03-31,
HAS,Hasbro,Consumer Discretionary,HAS,yahoo,1996-01-02,,True,312,2000-01-31,2025-12-31,
HBAN,Huntington Bancshares,Financials,HBAN,yahoo,1997-08-06,,True,312,2000-01-31,2025-12-31,
HBI,,Unknown,HBI,none,2015-03-23,2021-12-19,False,0,,,price_download_failed
HCA,HCA Healthcare,Health Care,HCA,yahoo,1996-01-02,,True,177,2011-04-30,2025-12-31,
HCBK,,Unknown,HCBK,none,2007-02-15,2015-11-01,False,0,,,price_download_failed
HCP,,Unknown,HCP,none,2008-03-31,2019-11-04,False,0,,,price_download_failed
HCR,,Unknown,HCR,none,1998-09-28,2007-11-08,False,0,,,price_download_failed
HD,Home Depot (The),Consumer Discretionary,HD,yahoo,1996-01-02,,True,312,2000-01-31,2025-12-31,
HES,,Unknown,HES,none,1996-01-02,2025-07-22,False,0,,,price_download_failed
HET,,Unknown,HET,yahoo,1996-01-02,2008-01-28,True,31,2008-03-31,2017-12-31,
HFC,,Unknown,HFC,none,2018-06-18,2021-06-03,False,0,,,price_download_failed
HI,,Unknown,HI,none,1996-01-02,2003-03-30,False,0,,,price_download_failed
HIG,Hartford (The),Financials,HIG,yahoo,1996-01-02,,True,312,2000-01-31,2025-12-31,
HII,Huntington Ingalls Industries,Industrials,HII,yahoo,2018-01-03,,True,177,2011-04-30,2025-12-31,
HLT,Hilton Worldwide,Consumer Discretionary,HLT,yahoo,1996-01-02,,True,144,2014-01-31,2025-12-31,
HM,,Unknown,HM,yahoo,1996-01-02,2001-12-16,True,61,2013-01-31,2018-01-31,
HMA,,Unknown,HMA,none,2001-11-07,2007-03-01,False,0,,,price_download_failed
HNZ,,Unknown,HNZ,none,1996-01-02,2013-06-06,False,0,,,price_download_failed
HOG,Harley-Davidson,Consumer Discretionary,HOG,yahoo,2000-01-31,2020-06-21,True,312,2000-01-31,2025-12-31,
HOLX,,Unknown,HOLX,none,2016-03-30,2026-04-08,False,0,,,price_download_failed
HON,Honeywell,Industrials,HON,yahoo,1996-01-02,,True,312,2000-01-31,2025-12-31,
HOOD,Robinhood Markets,Financials,HOOD,yahoo,2025-09-22,,True,53,2021-08-31,2025-12-31,
HOT,,Unknown,HOT,yahoo,2000-11-17,2016-09-22,True,26,2015-02-28,2017-03-31,
HP,,Unknown,HP,yahoo,1996-01-02,2020-05-21,True,312,2000-01-31,2025-12-31,
HPC,,Unknown,HPC,yahoo,1996-01-02,2008-11-13,True,49,2009-12-31,2017-03-31,
HPE,Hewlett Packard Enterprise,Information Technology,HPE,yahoo,2015-11-02,,True,122,2015-11-30,2025-12-31,
HPQ,HP Inc.,Information Technology,HPQ,yahoo,1996-01-02,,True,312,2000-01-31,2025-12-31,
HRB,H&R Block,Consumer Discretionary,HRB,yahoo,1996-01-02,2020-09-20,True,312,2000-01-31,2025-12-31,
HRL,Hormel Foods,Consumer Staples,HRL,yahoo,2009-03-04,,True,312,2000-01-31,2025-12-31,
HRS,,Unknown,HRS,none,1996-01-02,2019-05-31,False,0,,,price_download_failed
HSH,,Unknown,HSH,none,1996-01-02,2012-06-28,False,0,,,price_download_failed
HSIC,Schein (Henry),Health Care,HSIC,yahoo,2015-03-18,,True,312,2000-01-31,2025-12-31,
HSP,,Unknown,HSP,none,2004-05-03,2015-09-02,False,0,,,price_download_failed
HST,Host Hotels & Resorts,Real Estate,HST,yahoo,2007-03-20,,True,312,2000-01-31,2025-12-31,
HSY,Hershey Company (The),Consumer Staples,HSY,yahoo,1996-01-02,,True,312,2000-01-31,2025-12-31,
HUBB,Hubbell Incorporated,Industrials,HUBB,yahoo,2023-10-18,,True,312,2000-01-31,2025-12-31,
HUM,Humana,Health Care,HUM,yahoo,1996-01-02,,True,312,2000-01-31,2025-12-31,
HWM,Howmet Aerospace,Industrials,HWM,yahoo,2020-04-06,,True,109,2016-12-31,2025-12-31,
IAC,IAC Inc.,Communication Services,IAC,yahoo,2006-12-01,2008-08-20,True,65,2020-08-31,2025-12-31,
IBKR,Interactive Brokers,Financials,IBKR,yahoo,2025-08-28,,True,223,2007-06-30,2025-12-31,
IBM,IBM,Information Technology,IBM,yahoo,1996-01-02,,True,312,2000-01-31,2025-12-31,
ICE,Intercontinental Exchange,Financials,ICE,yahoo,2007-09-26,,True,241,2005-12-31,2025-12-31,
IDXX,Idexx Laboratories,Health Care,IDXX,yahoo,2017-01-05,,True,312,2000-01-31,2025-12-31,
IEX,IDEX Corporation,Industrials,IEX,yahoo,2019-08-09,,True,312,2000-01-31,2025-12-31,
IFF,International Flavors & Fragrances,Materials,IFF,yahoo,1996-01-02,,True,312,2000-01-31,2025-12-31,
IGT,,Unknown,IGT,none,2001-09-04,2014-06-19,False,0,,,price_download_failed
IKN,,Unknown,IKN,none,1996-01-02,2000-06-28,False,0,,,price_download_failed
ILMN,"Illumina, Inc.",Health Care,ILMN,yahoo,2015-11-19,2024-06-23,True,305,2000-08-31,2025-12-31,
IMNX,,Unknown,IMNX,none,2001-09-21,2002-07-15,False,0,,,price_download_failed
INCLF,,Unknown,INCLF,none,1996-01-02,2002-07-21,False,0,,,price_download_failed
INCY,Incyte,Health Care,INCY,yahoo,2017-02-28,,True,312,2000-01-31,2025-12-31,
INFO,,Unknown,INFO,yahoo,2017-06-02,2022-03-01,True,14,2024-11-30,2025-12-31,
INTC,Intel,Information Technology,INTC,yahoo,1996-01-02,,True,312,2000-01-31,2025-12-31,
INTU,Intuit,Information Technology,INTU,yahoo,2000-12-11,,True,312,2000-01-31,2025-12-31,
INVH,Invitation Homes,Real Estate,INVH,yahoo,2022-09-19,,True,106,2017-03-31,2025-12-31,
IP,International Paper,Materials,IP,yahoo,1996-01-02,,True,312,2000-01-31,2025-12-31,
IPG,,Unknown,IPG,none,1996-01-02,2025-11-27,False,0,,,price_download_failed
IPGP,IPG Photonics,Information Technology,IPGP,yahoo,2018-03-07,2022-06-20,True,228,2007-01-31,2025-12-31,
IQV,IQVIA,Health Care,IQV,yahoo,2017-08-29,,True,151,2013-06-30,2025-12-31,
IR,Ingersoll Rand,Industrials,IR,yahoo,1996-01-02,,True,103,2017-06-30,2025-12-31,
IRM,Iron Mountain,Real Estate,IRM,yahoo,2009-01-06,,True,312,2000-01-31,2025-12-31,
ISRG,Intuitive Surgical,Health Care,ISRG,yahoo,2008-06-02,,True,306,2000-07-31,2025-12-31,
IT,Gartner,Information Technology,IT,yahoo,2017-04-05,,True,312,2000-01-31,2025-12-31,
ITT,ITT Inc.,Industrials,ITT,yahoo,1996-01-02,2011-10-31,True,312,2000-01-31,2025-12-31,
ITW,Illinois Tool Works,Industrials,ITW,yahoo,1996-01-02,,True,312,2000-01-31,2025-12-31,
IVZ,Invesco,Financials,IVZ,yahoo,2008-08-21,,True,312,2000-01-31,2025-12-31,
J,Jacobs Solutions,Industrials,J,yahoo,2019-12-10,,True,312,2000-01-31,2025-12-31,
JAVA,,Unknown,JAVA,yahoo,1996-01-02,2010-01-26,True,50,2021-11-30,2025-12-31,
JBHT,J. B. Hunt,Industrials,JBHT,yahoo,2015-07-01,,True,312,2000-01-31,2025-12-31,
JBL,Jabil,Information Technology,JBL,yahoo,2001-01-30,,True,312,2000-01-31,2025-12-31,
JCI,Johnson Controls,Industrials,JCI,yahoo,1996-01-02,,True,312,2000-01-31,2025-12-31,
JCP,,Unknown,JCP,none,1996-01-02,2013-12-01,False,0,,,price_download_failed
JEC,,Unknown,JEC,none,2007-10-26,2019-12-09,False,0,,,price_download_failed
JEF,Jefferies Financial Group,Financials,JEF,yahoo,2007-08-27,2019-09-25,True,312,2000-01-31,2025-12-31,
JHF,,Unknown,JHF,none,2001-06-29,2004-04-28,False,0,,,price_download_failed
JKHY,Jack Henry & Associates,Financials,JKHY,yahoo,2018-11-13,,True,312,2000-01-31,2025-12-31,
JNJ,Johnson & Johnson,Health Care,JNJ,yahoo,1996-01-02,,True,312,2000-01-31,2025-12-31,
JNPR,,Unknown,JNPR,none,2006-06-02,2025-07-08,False,0,,,price_download_failed
JNS,,Unknown,JNS,none,2000-07-13,2011-11-22,False,0,,,price_download_failed
JNY,,Unknown,JNY,none,2001-12-17,2009-03-03,False,0,,,price_download_failed
JOS,,Unknown,JOS,none,1996-01-02,2000-05-09,False,0,,,price_download_failed
JOY,,Unknown,JOY,none,2011-02-28,2015-10-07,False,0,,,price_download_failed
JP,,Unknown,JP,none,1996-01-02,2006-04-02,False,0,,,price_download_failed
JPM,JPMorgan Chase,Financials,JPM,yahoo,1996-01-02,,True,312,2000-01-31,2025-12-31,
JWN,,Unknown,JWN,none,1996-01-02,2020-06-21,False,0,,,price_download_failed
K,,Unknown,K,none,1996-01-02,2025-12-10,False,0,,,price_download_failed
KATE,,Unknown,KATE,none,1996-01-02,2008-12-01,False,0,,,price_download_failed
KBH,,Unknown,KBH,yahoo,1996-01-02,2009-12-20,True,312,2000-01-31,2025-12-31,
KDP,Keurig Dr Pepper,Consumer Staples,KDP,yahoo,2008-10-07,,True,211,2008-06-30,2025-12-31,
KEY,Keycorp,Financials,KEY,yahoo,1996-01-02,,True,312,2000-01-31,2025-12-31,
KEYS,Keysight,Information Technology,KEYS,yahoo,2018-11-06,,True,134,2014-11-30,2025-12-31,
KG,,Unknown,KG,yahoo,2000-10-03,2010-12-19,True,211,2008-06-30,2025-12-31,
KHC,Kraft Heinz,Consumer Staples,KHC,yahoo,2015-07-06,,True,125,2015-08-31,2025-12-31,
KIM,Kimco Realty,Real Estate,KIM,yahoo,2006-04-03,,True,312,2000-01-31,2025-12-31,
KKR,KKR & Co. Inc.,Financials,KKR,yahoo,2024-06-24,,True,185,2010-08-31,2025-12-31,
KLAC,KLA Corporation,Information Technology,KLAC,yahoo,1997-09-15,,True,312,2000-01-31,2025-12-31,
KM,,Unknown,KM,yahoo,1996-01-02,2002-01-16,True,10,2014-08-31,2015-05-31,
KMB,Kimberly-Clark,Consumer Staples,KMB,yahoo,1996-01-02,,True,312,2000-01-31,2025-12-31,
KMG,,Unknown,KMG,yahoo,1996-01-02,2006-08-10,True,227,2000-01-31,2018-11-30,
KMI,Kinder Morgan,Energy,KMI,yahoo,2000-12-12,,True,178,2011-03-31,2025-12-31,
KMX,CarMax,Consumer Discretionary,KMX,yahoo,2010-06-28,2025-10-30,True,312,2000-01-31,2025-12-31,
KO,Coca-Cola Company (The),Consumer Staples,KO,yahoo,1996-01-02,,True,312,2000-01-31,2025-12-31,
KORS,,Unknown,KORS,none,2013-11-13,2018-09-18,False,0,,,price_download_failed
KR,Kroger,Consumer Staples,KR,yahoo,1996-01-02,,True,312,2000-01-31,2025-12-31,
KRB,,Unknown,KRB,none,1996-01-02,2006-01-02,False,0,,,price_download_failed
KRFT,,Unknown,KRFT,none,2012-10-02,2015-07-05,False,0,,,price_download_failed
KRI,,Unknown,KRI,yahoo,1996-01-02,2006-06-27,True,154,2006-09-30,2019-06-30,
KSE,,Unknown,KSE,none,2000-08-21,2007-08-26,False,0,,,price_download_failed
KSS,,Unknown,KSS,yahoo,1998-08-14,2020-09-20,True,312,2000-01-31,2025-12-31,
KSU,,Unknown,KSU,none,1999-04-05,2021-12-13,False,0,,,price_download_failed
KVUE,Kenvue,Consumer Staples,KVUE,yahoo,2023-08-25,,True,31,2023-06-30,2025-12-31,
L,Loews Corporation,Financials,L,yahoo,1996-01-02,,True,312,2000-01-31,2025-12-31,
LB,,Unknown,LB,yahoo,1996-01-02,2021-08-02,True,18,2024-07-31,2025-12-31,
LDG,,Unknown,LDG,yahoo,1996-01-02,2001-07-01,True,79,2015-09-30,2022-03-31,
LDOS,Leidos,Industrials,LDOS,yahoo,2009-12-21,,True,230,2006-11-30,2025-12-31,
LEG,,Unknown,LEG,yahoo,1999-10-18,2021-12-19,True,312,2000-01-31,2025-12-31,
LEH,,Unknown,LEH,none,1998-01-12,2008-09-16,False,0,,,price_download_failed
LEN,Lennar (Class A),Consumer Discretionary,LEN,yahoo,2005-10-04,,True,312,2000-01-31,2025-12-31,
LH,Labcorp,Health Care,LH,yahoo,2004-11-01,,True,312,2000-01-31,2025-12-31,
LHX,L3Harris,Industrials,LHX,yahoo,2019-06-01,,True,312,2000-01-31,2025-12-31,
LIFE,,Unknown,LIFE,none,2008-11-24,2014-01-23,False,0,,,price_download_failed
LII,Lennox International,Industrials,LII,yahoo,2024-12-23,,True,312,2000-01-31,2025-12-31,
LIN,Linde plc,Materials,LIN,yahoo,2018-11-06,,True,312,2000-01-31,2025-12-31,
LKQ,LKQ Corporation,Consumer Discretionary,LKQ,yahoo,2016-05-23,2025-12-21,True,266,2003-11-30,2025-12-31,
LLL,,Unknown,LLL,none,2004-12-01,2019-06-30,False,0,,,price_download_failed
LLTC,,Unknown,LLTC,none,2000-04-03,2017-03-12,False,0,,,price_download_failed
LLY,Lilly (Eli),Health Care,LLY,yahoo,1996-01-02,,True,312,2000-01-31,2025-12-31,
LM,,Unknown,LM,none,2006-04-24,2016-12-01,False,0,,,price_download_failed
LMT,Lockheed Martin,Industrials,LMT,yahoo,1996-01-02,,True,312,2000-01-31,2025-12-31,
LNC,Lincoln Financial,Financials,LNC,yahoo,1996-01-02,2023-09-17,True,312,2000-01-31,2025-12-31,
LNT,Alliant Energy,Utilities,LNT,yahoo,2016-07-01,,True,312,2000-01-31,2025-12-31,
LO,,Unknown,LO,none,2008-06-11,2015-06-11,False,0,,,price_download_failed
LOW,Lowe's,Consumer Discretionary,LOW,yahoo,1996-01-02,,True,312,2000-01-31,2025-12-31,
LPX,Louisiana-Pacific,Materials,LPX,yahoo,1996-01-02,2006-11-09,True,312,2000-01-31,2025-12-31,
LRCX,Lam Research,Information Technology,LRCX,yahoo,2012-06-05,,True,312,2000-01-31,2025-12-31,
LSI,,Unknown,LSI,none,1996-01-02,2014-05-06,False,0,,,price_download_failed
LU,,Unknown,LU,yahoo,1996-10-01,2006-11-30,True,62,2020-11-30,2025-12-31,
LULU,Lululemon Athletica,Consumer Discretionary,LULU,yahoo,2023-10-18,,True,221,2007-08-31,2025-12-31,
LUMN,,Unknown,LUMN,yahoo,2020-09-18,2023-03-19,True,312,2000-01-31,2025-12-31,
LUV,Southwest Airlines,Industrials,LUV,yahoo,1996-01-02,,True,312,2000-01-31,2025-12-31,
LVLT,,Unknown,LVLT,none,2014-11-05,2017-10-12,False,0,,,price_download_failed
LVS,Las Vegas Sands,Consumer Discretionary,LVS,yahoo,2019-10-03,,True,252,2005-01-31,2025-12-31,
LW,Lamb Weston,Consumer Staples,LW,yahoo,2018-12-03,2026-03-22,True,109,2016-12-31,2025-12-31,
LXK,,Unknown,LXK,none,1999-08-13,2012-09-30,False,0,,,price_download_failed
LYB,LyondellBasell,Materials,LYB,yahoo,2012-09-05,,True,188,2010-05-31,2025-12-31,
LYV,Live Nation Entertainment,Communication Services,LYV,yahoo,2019-12-23,,True,240,2006-01-31,2025-12-31,
M,"Macy's, Inc.",Consumer Discretionary,M,yahoo,1996-01-02,2020-04-05,True,312,2000-01-31,2025-12-31,
MA,Mastercard,Financials,MA,yahoo,2008-07-18,,True,235,2006-06-30,2025-12-31,
MAA,Mid-America Apartment Communities,Real Estate,MAA,yahoo,2016-12-02,,True,312,2000-01-31,2025-12-31,
MAC,,Unknown,MAC,yahoo,2013-05-09,2019-12-22,True,312,2000-01-31,2025-12-31,
MAR,Marriott International,Consumer Discretionary,MAR,yahoo,1998-05-21,,True,312,2000-01-31,2025-12-31,
MAS,Masco,Industrials,MAS,yahoo,1996-01-02,,True,312,2000-01-31,2025-12-31,
MAT,Mattel,Consumer Discretionary,MAT,yahoo,1996-01-02,2019-06-06,True,312,2000-01-31,2025-12-31,
MAY,,Unknown,MAY,yahoo,1996-01-02,2005-08-28,True,136,2006-10-31,2018-01-31,
MBI,,Unknown,MBI,yahoo,1996-12-03,2009-12-20,True,312,2000-01-31,2025-12-31,
MCD,McDonald's,Consumer Discretionary,MCD,yahoo,1996-01-02,,True,312,2000-01-31,2025-12-31,
MCHP,Microchip Technology,Information Technology,MCHP,yahoo,2007-09-07,,True,312,2000-01-31,2025-12-31,
MCK,McKesson Corporation,Health Care,MCK,yahoo,1999-01-13,,True,312,2000-01-31,2025-12-31,
MCO,Moody's Corporation,Financials,MCO,yahoo,1996-01-02,,True,312,2000-01-31,2025-12-31,
MDLZ,Mondelez International,Consumer Staples,MDLZ,yahoo,2007-04-02,,True,294,2001-07-31,2025-12-31,
MDP,,Unknown,MDP,none,1996-01-02,2011-01-03,False,0,,,price_download_failed
MDR,,Unknown,MDR,none,1996-01-02,2003-08-19,False,0,,,price_download_failed
MDT,Medtronic,Health Care,MDT,yahoo,1996-01-02,,True,312,2000-01-31,2025-12-31,
MEA,,Unknown,MEA,none,1996-01-02,2002-01-29,False,0,,,price_download_failed
MEDI,,Unknown,MEDI,yahoo,2000-06-16,2007-05-31,True,37,2022-12-31,2025-12-31,
MEE,,Unknown,MEE,yahoo,1996-01-02,2011-06-01,True,116,2008-01-31,2017-08-31,
MEL,,Unknown,MEL,none,1996-01-02,2007-07-01,False,0,,,price_download_failed
MER,,Unknown,MER,yahoo,1996-01-02,2009-01-01,True,7,2025-06-30,2025-12-31,
MERQ,,Unknown,MERQ,none,2000-06-29,2006-01-03,False,0,,,price_download_failed
MET,Metlife,Financials,MET,yahoo,2000-12-11,,True,308,2000-05-31,2025-12-31,
META,Meta Platforms,Communication Services,META,yahoo,2022-06-09,,True,163,2012-06-30,2025-12-31,
MFE,,Unknown,MFE,none,2008-12-23,2011-02-28,False,0,,,price_download_failed
MGM,MGM Resorts International,Consumer Discretionary,MGM,yahoo,2017-07-26,,True,312,2000-01-31,2025-12-31,
MHK,Mohawk Industries,Consumer Discretionary,MHK,yahoo,2013-12-23,2025-12-21,True,312,2000-01-31,2025-12-31,
MHS,,Unknown,MHS,yahoo,2003-08-20,2012-04-01,True,70,2020-03-31,2025-12-31,
MI,,Unknown,MI,yahoo,2002-02-11,2011-07-05,True,121,2015-12-31,2025-12-31,
MIL,,Unknown,MIL,none,1996-01-02,2010-07-14,False,0,,,price_download_failed
MIR,,Unknown,MIR,yahoo,1997-08-07,2003-07-16,True,64,2020-09-30,2025-12-31,
MJN,,Unknown,MJN,none,2009-12-21,2017-06-14,False,0,,,price_download_failed
MKC,McCormick & Company,Consumer Staples,MKC,yahoo,2003-03-21,,True,312,2000-01-31,2025-12-31,
MKG,,Unknown,MKG,none,1996-01-02,2000-10-17,False,0,,,price_download_failed
MKTX,MarketAxess,Financials,MKTX,yahoo,2019-07-01,2025-09-21,True,253,2004-12-31,2025-12-31,
MLM,Martin Marietta Materials,Materials,MLM,yahoo,2014-07-02,,True,312,2000-01-31,2025-12-31,
MMC,,Unknown,MMC,none,1996-01-02,2026-01-13,False,0,,,price_download_failed
MMI,,Unknown,MMI,yahoo,2011-01-04,2012-05-21,True,146,2013-11-30,2025-12-31,
MMM,3M,Industrials,MMM,yahoo,1996-01-02,,True,312,2000-01-31,2025-12-31,
MNK,,Unknown,MNK,none,2014-08-19,2017-07-25,False,0,,,price_download_failed
MNST,Monster Beverage,Consumer Staples,MNST,yahoo,2012-06-29,,True,312,2000-01-31,2025-12-31,
MO,Altria,Consumer Staples,MO,yahoo,1996-01-02,,True,312,2000-01-31,2025-12-31,
MOH,Molina Healthcare,Health Care,MOH,yahoo,2022-03-02,2026-03-22,True,269,2003-08-31,2025-12-31,
MOLX,,Unknown,MOLX,yahoo,1999-12-01,2013-12-08,True,168,2000-01-31,2013-12-31,
MON,,Unknown,MON,none,2002-08-14,2018-06-06,False,0,,,price_download_failed
MOS,Mosaic Company (The),Materials,MOS,yahoo,2011-09-26,,True,312,2000-01-31,2025-12-31,
MPC,Marathon Petroleum,Energy,MPC,yahoo,2011-07-01,,True,174,2011-07-31,2025-12-31,
MPWR,Monolithic Power Systems,Information Technology,MPWR,yahoo,2021-02-12,,True,253,2004-12-31,2025-12-31,
MRK,Merck & Co.,Health Care,MRK,yahoo,1996-01-02,,True,312,2000-01-31,2025-12-31,
MRNA,Moderna,Health Care,MRNA,yahoo,2021-07-21,,True,84,2019-01-31,2025-12-31,
MRO,,Unknown,MRO,none,1996-01-02,2024-11-25,False,0,,,price_download_failed
MS,Morgan Stanley,Financials,MS,yahoo,1996-01-02,,True,312,2000-01-31,2025-12-31,
MSCI,MSCI,Financials,MSCI,yahoo,2018-04-04,,True,217,2007-12-31,2025-12-31,
MSFT,Microsoft,Information Technology,MSFT,yahoo,1996-01-02,,True,312,2000-01-31,2025-12-31,
MSI,Motorola Solutions,Information Technology,MSI,yahoo,1996-01-02,,True,312,2000-01-31,2025-12-31,
MTB,M&T Bank,Financials,MTB,yahoo,2004-02-27,,True,312,2000-01-31,2025-12-31,
MTCH,Match Group,Communication Services,MTCH,yahoo,2021-09-20,2026-03-22,True,312,2000-01-31,2025-12-31,
MTD,Mettler Toledo,Health Care,MTD,yahoo,2016-09-06,,True,312,2000-01-31,2025-12-31,
MTG,MGIC Investment Corporation,Financials,MTG,yahoo,1996-07-19,2008-10-30,True,312,2000-01-31,2025-12-31,
MTW,,Unknown,MTW,yahoo,2007-11-16,2009-08-31,True,312,2000-01-31,2025-12-31,
MU,Micron Technology,Information Technology,MU,yahoo,1996-01-02,,True,312,2000-01-31,2025-12-31,
MUR,,Unknown,MUR,yahoo,2005-08-15,2017-07-25,True,312,2000-01-31,2025-12-31,
MWV,,Unknown,MWV,none,1996-01-02,2015-07-01,False,0,,,price_download_failed
MWW,,Unknown,MWW,none,2001-06-04,2011-12-18,False,0,,,price_download_failed
MXIM,,Unknown,MXIM,none,2000-05-10,2021-08-29,False,0,,,price_download_failed
MYG,,Unknown,MYG,none,1996-01-02,2006-04-02,False,0,,,price_download_failed
MYL,,Unknown,MYL,none,2004-04-23,2020-11-16,False,0,,,price_download_failed
MZIAQ,,Unknown,MZIAQ,none,1996-01-02,2000-06-28,False,0,,,price_download_failed
NAV,,Unknown,NAV,none,1996-01-02,2006-12-19,False,0,,,price_download_failed
NAVI,,Unknown,NAVI,yahoo,2014-05-01,2018-06-04,True,140,2014-05-31,2025-12-31,
NBL,,Unknown,NBL,none,2007-10-08,2020-10-11,False,0,,,price_download_failed
NBR,,Unknown,NBR,yahoo,2000-10-18,2015-03-22,True,312,2000-01-31,2025-12-31,
NC,,Unknown,NC,yahoo,1996-01-02,2000-06-04,True,312,2000-01-31,2025-12-31,
NCC,,Unknown,NCC,yahoo,1996-01-02,2009-01-01,True,118,2012-06-30,2022-03-31,
NCE,,Unknown,NCE,yahoo,1998-11-03,2000-08-20,True,85,2009-02-28,2017-05-31,
NCLH,Norwegian Cruise Line Holdings,Consumer Discretionary,NCLH,yahoo,2017-10-13,,True,155,2013-02-28,2025-12-31,
NCR,,Unknown,NCR,none,2000-01-04,2007-09-30,False,0,,,price_download_failed
NDAQ,"Nasdaq, Inc.",Financials,NDAQ,yahoo,2008-10-22,,True,281,2002-08-31,2025-12-31,
NDSN,Nordson,Industrials,NDSN,yahoo,2022-02-15,,True,312,2000-01-31,2025-12-31,
NE,,Unknown,NE,yahoo,2001-01-16,2015-07-19,True,54,2021-07-31,2025-12-31,
NEE,NextEra Energy,Utilities,NEE,yahoo,1996-01-02,,True,312,2000-01-31,2025-12-31,
NEM,Newmont,Materials,NEM,yahoo,1996-01-02,,True,312,2000-01-31,2025-12-31,
NFB,,Unknown,NFB,none,2002-07-17,2006-11-30,False,0,,,price_download_failed
NFLX,Netflix,Communication Services,NFLX,yahoo,2010-12-20,,True,283,2002-06-30,2025-12-31,
NFX,,Unknown,NFX,yahoo,2010-12-20,2019-02-14,True,230,2000-01-31,2019-02-28,
NGH,,Unknown,NGH,yahoo,1998-09-16,2000-12-11,True,132,2005-01-31,2016-08-31,
NI,NiSource,Utilities,NI,yahoo,2000-11-02,,True,312,2000-01-31,2025-12-31,
NKE,"Nike, Inc.",Consumer Discretionary,NKE,yahoo,1996-01-02,,True,312,2000-01-31,2025-12-31,
NKTR,,Unknown,NKTR,yahoo,2018-03-19,2019-10-02,True,312,2000-01-31,2025-12-31,
NLOK,,Unknown,NLOK,none,2019-11-05,2022-11-07,False,0,,,price_download_failed
NLSN,,Unknown,NLSN,none,2013-07-09,2022-10-11,False,0,,,price_download_failed
NLV,,Unknown,NLV,yahoo,1996-04-01,2000-01-05,True,40,2011-12-31,2017-03-31,
NMK,,Unknown,NMK,yahoo,1996-01-02,2002-01-31,True,25,2000-01-31,2002-01-31,
NOC,Northrop Grumman,Industrials,NOC,yahoo,1996-01-02,,True,312,2000-01-31,2025-12-31,
NOV,NOV Inc.,Energy,NOV,yahoo,2005-03-14,2021-09-19,True,312,2000-01-31,2025-12-31,
NOVL,,Unknown,NOVL,none,1996-01-02,2011-04-27,False,0,,,price_download_failed
NOW,ServiceNow,Information Technology,NOW,yahoo,2019-11-21,,True,162,2012-07-31,2025-12-31,
NRG,NRG Energy,Utilities,NRG,yahoo,2010-01-29,,True,264,2004-01-31,2025-12-31,
NRTLQ,,Unknown,NRTLQ,none,1996-01-02,2002-07-21,False,0,,,price_download_failed
NSC,Norfolk Southern,Industrials,NSC,yahoo,1996-01-02,,True,312,2000-01-31,2025-12-31,
NSI,,Unknown,NSI,yahoo,1996-01-02,2001-12-02,True,24,2024-01-31,2025-12-31,
NSM,,Unknown,NSM,yahoo,1996-01-02,2011-09-25,True,76,2012-04-30,2018-07-31,
NTAP,Netapp,Information Technology,NTAP,yahoo,1999-06-25,,True,312,2000-01-31,2025-12-31,
NTRS,Northern Trust,Financials,NTRS,yahoo,1998-01-30,,True,312,2000-01-31,2025-12-31,
NUE,Nucor,Materials,NUE,yahoo,1996-01-02,,True,312,2000-01-31,2025-12-31,
NVDA,Nvidia,Information Technology,NVDA,yahoo,2001-11-30,,True,312,2000-01-31,2025-12-31,
NVLS,,Unknown,NVLS,none,2000-06-19,2012-06-04,False,0,,,price_download_failed
NVR,"NVR, Inc.",Consumer Discretionary,NVR,yahoo,2019-09-26,,True,312,2000-01-31,2025-12-31,
NWL,Newell Brands,Consumer Discretionary,NWL,yahoo,1996-01-02,2023-09-17,True,312,2000-01-31,2025-12-31,
NWS,News Corp (Class B),Communication Services,NWS,yahoo,2015-09-21,,True,150,2013-07-31,2025-12-31,
NWSA,News Corp (Class A),Communication Services,NWSA,yahoo,2013-07-01,,True,150,2013-07-31,2025-12-31,
NXPI,NXP Semiconductors,Unknown,NXPI,yahoo,2021-03-22,,True,184,2010-09-30,2025-12-31,
NXTL,,Unknown,NXTL,none,1998-04-01,2005-08-14,False,0,,,price_download_failed
NYT,New York Times Company,Communication Services,NYT,yahoo,1996-01-02,2010-12-19,True,312,2000-01-31,2025-12-31,
NYX,,Unknown,NYX,none,2007-10-25,2013-11-12,False,0,,,price_download_failed
O,Realty Income,Real Estate,O,yahoo,2015-04-07,,True,312,2000-01-31,2025-12-31,
OAT,,Unknown,OAT,none,1996-01-02,2001-08-02,False,0,,,price_download_failed
ODFL,Old Dominion Freight Line,Industrials,ODFL,yahoo,2019-12-09,,True,312,2000-01-31,2025-12-31,
ODP,,Unknown,ODP,none,1999-06-24,2010-12-19,False,0,,,price_download_failed
OGN,Organon & Co.,Health Care,OGN,yahoo,2021-06-04,2023-10-17,True,55,2021-06-30,2025-12-31,
OI,,Unknown,OI,yahoo,1997-08-04,2016-12-01,True,312,2000-01-31,2025-12-31,
OK,,Unknown,OK,yahoo,1999-12-02,2001-04-01,True,96,2009-03-31,2018-01-31,
OKE,Oneok,Energy,OKE,yahoo,1996-01-02,,True,312,2000-01-31,2025-12-31,
OMC,Omnicom Group,Communication Services,OMC,yahoo,1997-12-24,,True,312,2000-01-31,2025-12-31,
OMX,,Unknown,OMX,none,1996-01-02,2008-06-22,False,0,,,price_download_failed
ON,ON Semiconductor,Information Technology,ON,yahoo,2022-06-21,,True,307,2000-06-30,2025-12-31,
ONE,,Unknown,ONE,none,1996-01-02,2004-06-30,False,0,,,price_download_failed
ORCL,Oracle Corporation,Information Technology,ORCL,yahoo,1996-01-02,,True,312,2000-01-31,2025-12-31,
ORLY,O'Reilly Auto Parts,Consumer Discretionary,ORLY,yahoo,2009-03-27,,True,312,2000-01-31,2025-12-31,
OTIS,Otis Worldwide,Industrials,OTIS,yahoo,2020-04-03,,True,69,2020-04-30,2025-12-31,
OWENQ,,Unknown,OWENQ,none,1996-01-02,2000-10-01,False,0,,,price_download_failed
OXY,Occidental Petroleum,Energy,OXY,yahoo,1996-01-02,,True,312,2000-01-31,2025-12-31,
PALM,,Unknown,PALM,yahoo,2000-07-28,2002-08-13,True,13,2015-01-31,2020-01-31,
PANW,Palo Alto Networks,Information Technology,PANW,yahoo,2023-06-20,,True,161,2012-08-31,2025-12-31,
PARA,,Unknown,PARA,none,2022-02-17,2025-08-07,False,0,,,price_download_failed
PAYC,Paycom,Information Technology,PAYC,yahoo,2020-01-28,2026-03-22,True,140,2014-05-31,2025-12-31,
PAYX,Paychex,Industrials,PAYX,yahoo,1998-10-01,,True,312,2000-01-31,2025-12-31,
PBCT,,Unknown,PBCT,none,2008-11-13,2022-04-03,False,0,,,price_download_failed
PBG,,Unknown,PBG,yahoo,2001-05-14,2010-02-28,True,162,2004-09-30,2018-11-30,
PBI,,Unknown,PBI,yahoo,1996-01-02,2017-02-28,True,312,2000-01-31,2025-12-31,
PBY,,Unknown,PBY,yahoo,1996-01-02,2000-04-02,True,36,2018-07-31,2021-06-30,
PCAR,Paccar,Industrials,PCAR,yahoo,1996-01-02,,True,312,2000-01-31,2025-12-31,
PCG,PG&E Corporation,Utilities,PCG,yahoo,1996-01-02,,True,312,2000-01-31,2025-12-31,
PCH,,Unknown,PCH,none,1996-01-02,2001-07-08,False,0,,,price_download_failed
PCL,,Unknown,PCL,yahoo,2002-01-17,2016-02-21,True,4,2025-09-30,2025-12-31,
PCP,,Unknown,PCP,none,2007-06-01,2016-01-31,False,0,,,price_download_failed
PCS,,Unknown,PCS,yahoo,1998-11-24,2004-04-22,True,4,2025-09-30,2025-12-31,
PD,,Unknown,PD,yahoo,1996-01-02,2007-03-19,True,80,2019-05-31,2025-12-31,
PDCO,,Unknown,PDCO,none,2005-10-11,2018-03-18,False,0,,,price_download_failed
PDG,,Unknown,PDG,yahoo,1996-01-02,2002-07-21,True,8,2014-08-31,2015-03-31,
PEAK,,Unknown,PEAK,none,2019-11-05,2024-03-03,False,0,,,price_download_failed
PEG,Public Service Enterprise Group,Utilities,PEG,yahoo,1996-01-02,,True,312,2000-01-31,2025-12-31,
PENN,Penn Entertainment,Consumer Discretionary,PENN,yahoo,2021-03-22,2022-09-18,True,312,2000-01-31,2025-12-31,
PEP,PepsiCo,Consumer Staples,PEP,yahoo,1996-01-02,,True,312,2000-01-31,2025-12-31,
PETM,,Unknown,PETM,none,2012-10-05,2015-03-11,False,0,,,price_download_failed
PFE,Pfizer,Health Care,PFE,yahoo,1996-01-02,,True,312,2000-01-31,2025-12-31,
PFG,Principal Financial Group,Financials,PFG,yahoo,2002-07-22,,True,290,2001-11-30,2025-12-31,
PG,Procter & Gamble,Consumer Staples,PG,yahoo,1996-01-02,,True,312,2000-01-31,2025-12-31,
PGL,,Unknown,PGL,none,1996-01-02,2007-02-21,False,0,,,price_download_failed
PGN,,Unknown,PGN,none,1996-01-02,2012-07-01,False,0,,,price_download_failed
PGR,Progressive Corporation,Financials,PGR,yahoo,1997-08-04,,True,312,2000-01-31,2025-12-31,
PH,Parker Hannifin,Industrials,PH,yahoo,1996-01-02,,True,312,2000-01-31,2025-12-31,
PHA,,Unknown,PHA,none,1996-01-02,2003-04-15,False,0,,,price_download_failed
PHM,PulteGroup,Consumer Discretionary,PHM,yahoo,1996-01-02,,True,312,2000-01-31,2025-12-31,
PKG,Packaging Corporation of America,Materials,PKG,yahoo,2017-07-26,,True,311,2000-02-29,2025-12-31,
PKI,,Unknown,PKI,none,1996-01-02,2023-05-15,False,0,,,price_download_failed
PLD,Prologis,Real Estate,PLD,yahoo,2003-07-17,,True,312,2000-01-31,2025-12-31,
PLL,,Unknown,PLL,none,1996-01-02,2015-08-30,False,0,,,price_download_failed
PLTR,Palantir Technologies,Information Technology,PLTR,yahoo,2024-09-23,,True,63,2020-10-31,2025-12-31,
PM,Philip Morris International,Consumer Staples,PM,yahoo,2008-03-31,,True,213,2008-04-30,2025-12-31,
PMCS,,Unknown,PMCS,none,2001-08-03,2007-07-01,False,0,,,price_download_failed
PNC,PNC Financial Services,Financials,PNC,yahoo,1996-01-02,,True,312,2000-01-31,2025-12-31,
PNR,Pentair,Industrials,PNR,yahoo,2012-10-01,,True,312,2000-01-31,2025-12-31,
PNU,,Unknown,PNU,none,1996-01-02,2000-04-02,False,0,,,price_download_failed
PNW,Pinnacle West Capital,Utilities,PNW,yahoo,1999-10-04,,True,312,2000-01-31,2025-12-31,
PODD,Insulet,Health Care,PODD,yahoo,2023-03-15,,True,223,2007-06-30,2025-12-31,
POM,,Unknown,POM,yahoo,2007-11-09,2016-03-23,True,2,2025-11-30,2025-12-31,
POOL,Pool Corporation,Consumer Discretionary,POOL,yahoo,2020-10-07,,True,312,2000-01-31,2025-12-31,
PPG,PPG Industries,Materials,PPG,yahoo,1996-01-02,,True,312,2000-01-31,2025-12-31,
PPL,PPL Corporation,Utilities,PPL,yahoo,1996-01-02,,True,312,2000-01-31,2025-12-31,
PRD,,Unknown,PRD,none,1996-01-02,2000-12-11,False,0,,,price_download_failed
PRGO,Perrigo,Health Care,PRGO,yahoo,2011-12-19,2021-09-19,True,312,2000-01-31,2025-12-31,
PRU,Prudential Financial,Financials,PRU,yahoo,2002-07-22,,True,288,2002-01-31,2025-12-31,
PSA,Public Storage,Real Estate,PSA,yahoo,2005-08-19,,True,312,2000-01-31,2025-12-31,
PSFT,,Unknown,PSFT,none,1998-10-02,2004-12-28,False,0,,,price_download_failed
PSKY,Paramount Skydance Corporation,Unknown,PSKY,yahoo,2025-08-08,,True,240,2006-01-31,2025-12-31,
PSX,Phillips 66,Energy,PSX,yahoo,2012-05-01,,True,164,2012-05-31,2025-12-31,
PTC,PTC Inc.,Information Technology,PTC,yahoo,1997-04-03,,True,312,2000-01-31,2025-12-31,
PTV,,Unknown,PTV,yahoo,1999-11-05,2010-11-16,True,77,2011-01-31,2017-05-31,
PVH,PVH Corp.,Consumer Discretionary,PVH,yahoo,2013-02-14,2022-09-18,True,312,2000-01-31,2025-12-31,
PVN,,Unknown,PVN,yahoo,1996-01-02,2005-10-02,False,0,,,no_monthly_observations
PWER,,Unknown,PWER,yahoo,2000-10-23,2005-03-13,True,25,2023-12-31,2025-12-31,
PWJ,,Unknown,PWJ,yahoo,1999-06-04,2000-11-05,True,215,2008-02-29,2025-12-31,
PWR,Quanta Services,Industrials,PWR,yahoo,2009-07-01,,True,312,2000-01-31,2025-12-31,
PX,,Unknown,PX,none,1996-01-02,2018-10-30,False,0,,,price_download_failed
PXD,,Unknown,PXD,none,2008-09-24,2024-05-07,False,0,,,price_download_failed
PYPL,PayPal,Financials,PYPL,yahoo,2015-07-20,,True,125,2015-08-31,2025-12-31,
Q,Qnity Electronics,Information Technology,Q,yahoo,2000-07-06,,True,2,2025-11-30,2025-12-31,
QCOM,Qualcomm,Information Technology,QCOM,yahoo,1999-07-22,,True,312,2000-01-31,2025-12-31,
QEP,,Unknown,QEP,none,2010-07-01,2015-06-30,False,0,,,price_download_failed
QLGC,,Unknown,QLGC,none,2000-12-12,2011-01-17,False,0,,,price_download_failed
QRVO,Qorvo,Information Technology,QRVO,yahoo,2015-06-12,2024-12-22,True,131,2015-02-28,2025-12-31,
QTRN,,Unknown,QTRN,none,1999-11-16,2003-09-25,False,0,,,price_download_failed
R,Ryder,Industrials,R,yahoo,1996-01-02,2017-06-18,True,312,2000-01-31,2025-12-31,
RAD,,Unknown,RAD,none,1996-01-02,2000-07-26,False,0,,,price_download_failed
RAI,,Unknown,RAI,none,2002-09-04,2017-07-24,False,0,,,price_download_failed
RAL,Ralliant,Information Technology,RAL,yahoo,1996-01-02,2001-12-12,True,6,2025-07-31,2025-12-31,
RATL,,Unknown,RATL,none,2002-02-01,2003-02-20,False,0,,,price_download_failed
RBK,,Unknown,RBK,none,1996-01-02,2006-01-31,False,0,,,price_download_failed
RCL,Royal Caribbean Group,Consumer Discretionary,RCL,yahoo,2014-12-05,,True,312,2000-01-31,2025-12-31,
RDC,,Unknown,RDC,none,1996-01-02,2014-08-18,False,0,,,price_download_failed
RDS.A,,Unknown,RDS-A,none,1996-01-02,2002-07-21,False,0,,,price_download_failed
RE,,Unknown,RE,none,2017-06-19,2023-07-09,False,0,,,price_download_failed
REG,Regency Centers,Real Estate,REG,yahoo,2017-03-02,,True,312,2000-01-31,2025-12-31,
REGN,Regeneron Pharmaceuticals,Health Care,REGN,yahoo,2013-05-01,,True,312,2000-01-31,2025-12-31,
RF,Regions Financial Corporation,Financials,RF,yahoo,1998-08-28,,True,312,2000-01-31,2025-12-31,
RHI,Robert Half,Industrials,RHI,yahoo,2000-12-05,2024-06-23,True,312,2000-01-31,2025-12-31,
RHT,,Unknown,RHT,none,2009-07-27,2019-07-14,False,0,,,price_download_failed
RIG,,Unknown,RIG,yahoo,1999-12-31,2017-07-25,True,312,2000-01-31,2025-12-31,
RJF,Raymond James Financial,Financials,RJF,yahoo,2017-03-20,,True,312,2000-01-31,2025-12-31,
RL,Ralph Lauren Corporation,Consumer Discretionary,RL,yahoo,2007-02-02,,True,312,2000-01-31,2025-12-31,
RLM,,Unknown,RLM,none,1996-01-02,2000-05-03,False,0,,,price_download_failed
RMD,Resmed,Health Care,RMD,yahoo,2017-07-26,,True,312,2000-01-31,2025-12-31,
RML,,Unknown,RML,none,1996-01-02,2000-12-11,False,0,,,price_download_failed
RNB,,Unknown,RNB,none,1996-01-02,2000-01-02,False,0,,,price_download_failed
ROH,,Unknown,ROH,none,1996-01-02,2009-04-01,False,0,,,price_download_failed
ROK,Rockwell Automation,Industrials,ROK,yahoo,1996-01-02,,True,312,2000-01-31,2025-12-31,
ROL,"Rollins, Inc.",Industrials,ROL,yahoo,2018-10-01,,True,312,2000-01-31,2025-12-31,
ROP,Roper Technologies,Industrials,ROP,yahoo,2009-12-23,,True,312,2000-01-31,2025-12-31,
ROST,Ross Stores,Consumer Discretionary,ROST,yahoo,2009-12-21,,True,312,2000-01-31,2025-12-31,
RRC,Range Resources,Energy,RRC,yahoo,2007-12-21,2018-06-17,True,312,2000-01-31,2025-12-31,
RRD,,Unknown,RRD,none,1996-01-02,2012-12-11,False,0,,,price_download_failed
RSG,Republic Services,Industrials,RSG,yahoo,2008-12-05,,True,312,2000-01-31,2025-12-31,
RSHCQ,,Unknown,RSHCQ,none,1996-01-02,2011-06-30,False,0,,,price_download_failed
RTN,,Unknown,RTN,none,1996-01-02,2020-04-05,False,0,,,price_download_failed
RTX,RTX Corporation,Industrials,RTX,yahoo,2020-04-03,,True,312,2000-01-31,2025-12-31,
RVTY,Revvity,Health Care,RVTY,yahoo,2023-05-16,,True,312,2000-01-31,2025-12-31,
RX,,Unknown,RX,yahoo,1996-11-04,2010-02-25,True,4,2011-09-30,2017-05-31,
S,SentinelOne,Information Technology,S,yahoo,1996-01-02,2013-07-08,True,54,2021-07-31,2025-12-31,
SAF,,Unknown,SAF,yahoo,1996-01-02,2008-09-22,True,36,2018-09-30,2021-08-31,
SANM,,Unknown,SANM,yahoo,2000-06-21,2007-07-01,True,312,2000-01-31,2025-12-31,
SAPE,,Unknown,SAPE,none,2000-05-05,2002-05-12,False,0,,,price_download_failed
SBAC,SBA Communications,Real Estate,SBAC,yahoo,2017-09-01,,True,312,2000-01-31,2025-12-31,
SBL,,Unknown,SBL,none,2000-12-11,2007-01-09,False,0,,,price_download_failed
SBNY,,Unknown,SBNY,yahoo,2021-12-20,2023-03-14,True,16,2024-09-30,2025-12-31,
SBUX,Starbucks,Consumer Discretionary,SBUX,yahoo,2000-06-08,,True,312,2000-01-31,2025-12-31,
SCG,,Unknown,SCG,yahoo,2009-01-02,2019-01-01,True,41,2015-08-31,2018-12-31,
SCHW,Charles Schwab Corporation,Financials,SCHW,yahoo,1997-06-02,,True,312,2000-01-31,2025-12-31,
SCI,Service Corporation International,Consumer Discretionary,SCI,yahoo,1996-01-02,2000-03-15,True,312,2000-01-31,2025-12-31,
SDS,,Unknown,SDS,yahoo,2002-07-22,2005-08-11,True,233,2006-08-31,2025-12-31,
SE,,Unknown,SE,yahoo,2007-01-03,2017-02-26,True,98,2017-11-30,2025-12-31,
SEBL,,Unknown,SEBL,none,2000-05-05,2006-01-31,False,0,,,price_download_failed
SEDG,,Unknown,SEDG,yahoo,2021-12-20,2023-10-17,True,129,2015-04-30,2025-12-31,
SEE,,Unknown,SEE,none,1998-04-01,2023-10-17,False,0,,,price_download_failed
SEG,,Unknown,SEG,yahoo,1996-08-16,2000-11-21,True,17,2024-08-31,2025-12-31,
SFA,,Unknown,SFA,none,1996-01-02,2006-02-26,False,0,,,price_download_failed
SGID,,Unknown,SGID,none,1996-01-02,2000-06-20,False,0,,,price_download_failed
SGP,,Unknown,SGP,none,1996-01-02,2009-11-03,False,0,,,price_download_failed
SHLD,,Unknown,SHLD,yahoo,2005-03-28,2012-09-04,True,27,2023-10-31,2025-12-31,
SHW,Sherwin-Williams,Materials,SHW,yahoo,1996-01-02,,True,312,2000-01-31,2025-12-31,
SIAL,,Unknown,SIAL,none,1996-01-02,2015-11-17,False,0,,,price_download_failed
SIG,,Unknown,SIG,yahoo,2015-07-29,2018-03-18,True,312,2000-01-31,2025-12-31,
SII,,Unknown,SII,yahoo,2006-10-02,2010-08-26,True,190,2010-03-31,2025-12-31,
SIVB,,Unknown,SIVB,none,2018-03-19,2023-03-14,False,0,,,price_download_failed
SJM,J.M. Smucker Company (The),Consumer Staples,SJM,yahoo,2008-11-06,,True,312,2000-01-31,2025-12-31,
SLB,Schlumberger,Energy,SLB,yahoo,1996-01-02,,True,312,2000-01-31,2025-12-31,
SLG,,Unknown,SLG,yahoo,2015-03-23,2021-03-21,True,312,2000-01-31,2025-12-31,
SLM,Sallie Mae,Financials,SLM,yahoo,1998-07-01,2014-04-30,True,312,2000-01-31,2025-12-31,
SLR,,Unknown,SLR,none,1998-12-31,2007-10-01,False,0,,,price_download_failed
SMCI,Supermicro,Information Technology,SMCI,yahoo,2024-03-18,,True,225,2007-04-30,2025-12-31,
SMI,,Unknown,SMI,yahoo,1996-01-02,2000-12-11,True,45,2021-10-31,2025-06-30,
SMS,,Unknown,SMS,none,1996-01-02,2000-06-07,False,0,,,price_download_failed
SNA,Snap-on,Industrials,SNA,yahoo,1996-01-02,,True,312,2000-01-31,2025-12-31,
SNDK,SanDisk,Information Technology,SNDK,yahoo,2006-04-20,,True,10,2025-03-31,2025-12-31,
SNI,,Unknown,SNI,none,2008-07-01,2018-03-06,False,0,,,price_download_failed
SNPS,Synopsys,Information Technology,SNPS,yahoo,2017-03-16,,True,312,2000-01-31,2025-12-31,
SNV,,Unknown,SNV,none,1997-12-01,2008-01-01,False,0,,,price_download_failed
SO,Southern Company,Utilities,SO,yahoo,1996-01-02,,True,312,2000-01-31,2025-12-31,
SOLS,Solstice Advanced Materials,Materials,SOLS,yahoo,2025-10-30,2025-12-21,True,2,2025-11-30,2025-12-31,
SOLV,Solventum,Health Care,SOLV,yahoo,2024-04-03,,True,21,2024-04-30,2025-12-31,
SOTR,,Unknown,SOTR,none,1999-03-01,2004-10-31,False,0,,,price_download_failed
SOV,,Unknown,SOV,none,2004-07-01,2009-01-29,False,0,,,price_download_failed
SPG,Simon Property Group,Real Estate,SPG,yahoo,2002-06-26,,True,312,2000-01-31,2025-12-31,
SPGI,S&P Global,Financials,SPGI,yahoo,1996-01-02,,True,312,2000-01-31,2025-12-31,
SPLS,,Unknown,SPLS,none,1998-10-07,2017-09-12,False,0,,,price_download_failed
SRCL,,Unknown,SRCL,none,2008-11-19,2018-12-02,False,0,,,price_download_failed
SRE,Sempra,Utilities,SRE,yahoo,1998-06-29,,True,312,2000-01-31,2025-12-31,
SSP,,Unknown,SSP,yahoo,2005-12-20,2008-06-30,True,312,2000-01-31,2025-12-31,
STE,Steris,Health Care,STE,yahoo,2019-12-23,,True,312,2000-01-31,2025-12-31,
STI,,Unknown,STI,yahoo,1996-01-02,2019-12-08,True,43,2022-06-30,2025-12-31,
STJ,,Unknown,STJ,none,1996-01-02,2017-01-04,False,0,,,price_download_failed
STLD,Steel Dynamics,Materials,STLD,yahoo,2022-12-22,,True,312,2000-01-31,2025-12-31,
STR,,Unknown,STR,none,2006-12-01,2010-06-30,False,0,,,price_download_failed
STT,State Street Corporation,Financials,STT,yahoo,1997-08-18,,True,312,2000-01-31,2025-12-31,
STX,Seagate Technology,Unknown,STX,yahoo,2012-07-02,,True,276,2003-01-31,2025-12-31,
STZ,Constellation Brands,Consumer Staples,STZ,yahoo,2005-07-05,,True,312,2000-01-31,2025-12-31,
SUB,,Unknown,SUB,yahoo,1998-01-28,2001-02-28,True,205,2008-12-31,2025-12-31,
SUN,,Unknown,SUN,yahoo,1996-01-02,2012-10-04,True,159,2012-10-31,2025-12-31,
SUNEQ,,Unknown,SUNEQ,none,2007-05-31,2011-12-18,False,0,,,price_download_failed
SVU,,Unknown,SVU,yahoo,1996-01-02,2012-04-30,True,226,2000-01-31,2018-10-31,
SW,Smurfit Westrock,Materials,SW,yahoo,2024-07-08,,True,210,2008-07-31,2025-12-31,
SWK,Stanley Black & Decker,Industrials,SWK,yahoo,1996-01-02,,True,312,2000-01-31,2025-12-31,
SWKS,Skyworks Solutions,Information Technology,SWKS,yahoo,2015-03-12,,True,312,2000-01-31,2025-12-31,
SWN,,Unknown,SWN,none,2008-06-06,2017-04-03,False,0,,,price_download_failed
SWY,,Unknown,SWY,none,1998-11-13,2015-01-26,False,0,,,price_download_failed
SXCL,,Unknown,SXCL,none,1999-10-01,2001-05-13,False,0,,,price_download_failed
SYF,Synchrony Financial,Financials,SYF,yahoo,2015-11-18,,True,137,2014-08-31,2025-12-31,
SYK,Stryker Corporation,Health Care,SYK,yahoo,2000-12-12,,True,312,2000-01-31,2025-12-31,
SYMC,,Unknown,SYMC,none,2003-03-31,2019-11-04,False,0,,,price_download_failed
SYY,Sysco,Consumer Staples,SYY,yahoo,1996-01-02,,True,312,2000-01-31,2025-12-31,
T,AT&T,Communication Services,T,yahoo,1996-01-02,,True,312,2000-01-31,2025-12-31,
TAP,Molson Coors,Consumer Staples,TAP,yahoo,1996-01-02,,True,312,2000-01-31,2025-12-31,
TDC,Teradata,Information Technology,TDC,yahoo,2007-10-01,2017-06-18,True,218,2007-11-30,2025-12-31,
TDG,TransDigm Group,Industrials,TDG,yahoo,2016-06-03,,True,237,2006-04-30,2025-12-31,
TDY,Teledyne Technologies,Industrials,TDY,yahoo,2020-06-22,,True,312,2000-01-31,2025-12-31,
TE,,Unknown,TE,yahoo,2001-10-10,2016-06-30,True,71,2020-02-29,2025-12-31,
TECH,Bio-Techne,Health Care,TECH,yahoo,2021-08-30,,True,312,2000-01-31,2025-12-31,
TEG,,Unknown,TEG,yahoo,2007-02-22,2015-06-29,True,75,2016-01-31,2022-03-31,
TEK,,Unknown,TEK,yahoo,1996-01-02,2007-11-15,True,14,2024-11-30,2025-12-31,
TEL,TE Connectivity,Unknown,TEL,yahoo,2007-07-02,,True,222,2007-07-31,2025-12-31,
TER,Teradyne,Information Technology,TER,yahoo,1999-11-15,,True,312,2000-01-31,2025-12-31,
TEX,,Unknown,TEX,yahoo,2006-12-20,2008-11-05,True,312,2000-01-31,2025-12-31,
TFC,Truist Financial,Financials,TFC,yahoo,2019-12-09,,True,312,2000-01-31,2025-12-31,
TFX,Teleflex,Health Care,TFX,yahoo,2019-01-18,2025-03-23,True,312,2000-01-31,2025-12-31,
TGNA,,Unknown,TGNA,none,1996-01-02,2017-06-01,False,0,,,price_download_failed
TGT,Target Corporation,Consumer Staples,TGT,yahoo,1996-01-02,,True,312,2000-01-31,2025-12-31,
THC,Tenet Healthcare,Health Care,THC,yahoo,1996-01-02,2016-04-17,True,312,2000-01-31,2025-12-31,
TIE,,Unknown,TIE,yahoo,2007-10-29,2012-12-23,True,233,2000-01-31,2019-07-31,
TIF,,Unknown,TIF,none,2000-06-21,2021-01-06,False,0,,,price_download_failed
TIN,,Unknown,TIN,none,1996-01-02,2007-12-30,False,0,,,price_download_failed
TJX,TJX Companies,Consumer Discretionary,TJX,yahoo,1996-01-02,,True,312,2000-01-31,2025-12-31,
TKO,TKO Group Holdings,Communication Services,TKO,yahoo,2025-03-24,,True,312,2000-01-31,2025-12-31,
TKR,Timken Company,Industrials,TKR,yahoo,1996-01-02,2001-08-06,True,312,2000-01-31,2025-12-31,
TLAB,,Unknown,TLAB,yahoo,1996-01-02,2011-12-20,True,168,2000-01-31,2013-12-31,
TMC,,Unknown,TMC,yahoo,1996-01-02,2000-06-12,True,51,2021-10-31,2025-12-31,
TMC.A,,Unknown,TMC-A,none,1996-01-02,2000-06-12,False,0,,,price_download_failed
TMK,,Unknown,TMK,none,1996-01-02,2019-08-07,False,0,,,price_download_failed
TMO,Thermo Fisher Scientific,Health Care,TMO,yahoo,1997-01-02,,True,312,2000-01-31,2025-12-31,
TMUS,T-Mobile US,Communication Services,TMUS,yahoo,2009-06-30,,True,224,2007-05-31,2025-12-31,
TNB,,Unknown,TNB,yahoo,1996-01-02,2004-08-02,True,178,2007-06-30,2022-03-31,
TOS,,Unknown,TOS,none,1999-09-20,2001-09-16,False,0,,,price_download_failed
TOY,,Unknown,TOY,none,1996-01-02,2005-07-21,False,0,,,price_download_failed
TPL,Texas Pacific Land Corporation,Energy,TPL,yahoo,2024-11-26,,True,312,2000-01-31,2025-12-31,
TPR,"Tapestry, Inc.",Consumer Discretionary,TPR,yahoo,2004-09-01,,True,302,2000-11-30,2025-12-31,
TRB,,Unknown,TRB,none,1996-01-02,2007-12-20,False,0,,,price_download_failed
TRGP,Targa Resources,Energy,TRGP,yahoo,2022-10-12,,True,180,2011-01-31,2025-12-31,
TRIP,,Unknown,TRIP,yahoo,2011-12-21,2019-12-22,True,168,2012-01-31,2025-12-31,
TRMB,Trimble Inc.,Information Technology,TRMB,yahoo,2021-01-21,,True,312,2000-01-31,2025-12-31,
TROW,T. Rowe Price,Financials,TROW,yahoo,1999-10-13,,True,312,2000-01-31,2025-12-31,
TRV,Travelers Companies (The),Financials,TRV,yahoo,1996-01-02,,True,312,2000-01-31,2025-12-31,
TRW,,Unknown,TRW,none,1996-01-02,2002-12-11,False,0,,,price_download_failed
TSCO,Tractor Supply Company,Consumer Discretionary,TSCO,yahoo,2014-01-24,,True,312,2000-01-31,2025-12-31,
TSG,,Unknown,TSG,none,2000-03-16,2007-04-01,False,0,,,price_download_failed
TSLA,"Tesla, Inc.",Consumer Discretionary,TSLA,yahoo,2020-12-21,,True,186,2010-07-31,2025-12-31,
TSN,Tyson Foods,Consumer Staples,TSN,yahoo,2005-08-11,,True,312,2000-01-31,2025-12-31,
TSS,,Unknown,TSS,none,2008-01-02,2019-09-22,False,0,,,price_download_failed
TT,Trane Technologies,Industrials,TT,yahoo,2002-05-13,,True,312,2000-01-31,2025-12-31,
TTD,Trade Desk (The),Communication Services,TTD,yahoo,2025-07-18,,True,111,2016-10-31,2025-12-31,
TTWO,Take-Two Interactive,Communication Services,TTWO,yahoo,2018-03-19,,True,312,2000-01-31,2025-12-31,
TUP,,Unknown,TUP,none,1996-05-31,2004-03-24,False,0,,,price_download_failed
TWC,,Unknown,TWC,none,2009-03-30,2016-05-17,False,0,,,price_download_failed
TWTR,,Unknown,TWTR,none,2018-06-07,2022-10-31,False,0,,,price_download_failed
TWX,,Unknown,TWX,yahoo,1996-01-02,2018-06-14,True,222,2000-01-31,2018-06-30,
TX,,Unknown,TX,yahoo,1996-01-02,2001-10-09,True,238,2006-03-31,2025-12-31,
TXN,Texas Instruments,Information Technology,TXN,yahoo,1996-01-02,,True,312,2000-01-31,2025-12-31,
TXT,Textron,Industrials,TXT,yahoo,1996-01-02,,True,312,2000-01-31,2025-12-31,
TXU,,Unknown,TXU,none,1996-01-02,2007-10-09,False,0,,,price_download_failed
TYL,Tyler Technologies,Information Technology,TYL,yahoo,2020-06-22,,True,312,2000-01-31,2025-12-31,
UA,Under Armour (Class C),Consumer Discretionary,UA,yahoo,2016-04-08,2022-06-20,True,117,2016-04-30,2025-12-31,
UAA,Under Armour (Class A),Consumer Discretionary,UAA,yahoo,2014-05-01,2022-06-20,True,241,2005-12-31,2025-12-31,
UAL,United Airlines Holdings,Industrials,UAL,yahoo,2015-09-03,,True,238,2006-03-31,2025-12-31,
UAWGQ,,Unknown,UAWGQ,none,1996-01-02,2002-05-14,False,0,,,price_download_failed
UBER,Uber,Industrials,UBER,yahoo,2023-10-18,,True,79,2019-06-30,2025-12-31,
UCL,,Unknown,UCL,yahoo,1996-01-02,2005-08-10,True,66,2020-07-31,2025-12-31,
UCM,,Unknown,UCM,yahoo,1996-01-02,2000-10-22,True,135,2007-12-31,2019-06-30,
UDR,"UDR, Inc.",Real Estate,UDR,yahoo,2016-03-07,,True,312,2000-01-31,2025-12-31,
UHS,Universal Health Services,Health Care,UHS,yahoo,2014-09-22,,True,312,2000-01-31,2025-12-31,
UIS,,Unknown,UIS,yahoo,1996-01-02,2008-11-10,True,312,2000-01-31,2025-12-31,
UK,,Unknown,UK,yahoo,1996-01-02,2001-02-06,True,73,2019-12-31,2025-12-31,
ULTA,Ulta Beauty,Consumer Discretionary,ULTA,yahoo,2016-04-18,,True,218,2007-11-30,2025-12-31,
UMG,,Unknown,UMG,none,1996-01-02,2000-06-14,False,0,,,price_download_failed
UN,,Unknown,UN,none,1996-01-02,2002-07-21,False,0,,,price_download_failed
UNH,UnitedHealth Group,Health Care,UNH,yahoo,1996-01-02,,True,312,2000-01-31,2025-12-31,
UNM,Unum,Financials,UNM,yahoo,1996-01-02,2021-09-19,True,312,2000-01-31,2025-12-31,
UNP,Union Pacific Corporation,Industrials,UNP,yahoo,1996-01-02,,True,312,2000-01-31,2025-12-31,
UPC,,Unknown,UPC,yahoo,1998-10-01,2004-06-30,True,57,2021-04-30,2025-12-31,
UPR,,Unknown,UPR,none,1996-10-16,2000-07-16,False,0,,,price_download_failed
UPS,United Parcel Service,Industrials,UPS,yahoo,2002-07-22,,True,312,2000-01-31,2025-12-31,
URBN,,Unknown,URBN,yahoo,2010-02-08,2017-03-19,True,312,2000-01-31,2025-12-31,
URI,United Rentals,Industrials,URI,yahoo,2014-09-22,,True,312,2000-01-31,2025-12-31,
USB,U.S. Bancorp,Financials,USB,yahoo,1996-01-02,,True,312,2000-01-31,2025-12-31,
UST,,Unknown,UST,yahoo,1996-01-02,2009-01-05,True,190,2010-03-31,2025-12-31,
USW,,Unknown,USW,none,1996-01-02,2000-07-02,False,0,,,price_download_failed
UTX,,Unknown,UTX,none,1996-01-02,2020-04-02,False,0,,,price_download_failed
UVN,,Unknown,UVN,yahoo,2001-02-07,2007-03-28,True,217,2000-01-31,2018-01-31,
V,Visa Inc.,Financials,V,yahoo,2009-12-21,,True,213,2008-04-30,2025-12-31,
VAR,,Unknown,VAR,none,2007-02-12,2021-04-19,False,0,,,price_download_failed
VFC,VF Corporation,Consumer Discretionary,VFC,yahoo,1996-01-02,2024-04-02,True,312,2000-01-31,2025-12-31,
VIAB,,Unknown,VIAB,none,2006-01-03,2019-12-04,False,0,,,price_download_failed
VIAC,,Unknown,VIAC,none,2019-12-05,2022-02-16,False,0,,,price_download_failed
VIAV,,Unknown,VIAV,yahoo,2000-07-27,2013-12-22,True,312,2000-01-31,2025-12-31,
VICI,Vici Properties,Real Estate,VICI,yahoo,2022-06-08,,True,95,2018-02-28,2025-12-31,
VLO,Valero Energy,Energy,VLO,yahoo,2004-04-29,,True,312,2000-01-31,2025-12-31,
VLTO,Veralto,Industrials,VLTO,yahoo,2023-10-02,,True,26,2023-11-30,2025-12-31,
VMC,Vulcan Materials,Materials,VMC,yahoo,1999-07-01,,True,312,2000-01-31,2025-12-31,
VNO,Vornado Realty Trust,Real Estate,VNO,yahoo,2005-08-12,2023-01-03,True,312,2000-01-31,2025-12-31,
VNT,Vontier,Information Technology,VNT,yahoo,2020-10-12,2021-03-21,True,63,2020-10-31,2025-12-31,
VO,,Unknown,VO,yahoo,1996-01-02,2000-12-10,True,263,2004-02-29,2025-12-31,
VRSK,Verisk Analytics,Industrials,VRSK,yahoo,2015-10-08,,True,194,2009-11-30,2025-12-31,
VRSN,Verisign,Information Technology,VRSN,yahoo,2006-02-01,,True,312,2000-01-31,2025-12-31,
VRTS,,Unknown,VRTS,yahoo,2000-04-03,2005-07-04,True,203,2009-02-28,2025-12-31,
VRTX,Vertex Pharmaceuticals,Health Care,VRTX,yahoo,2013-09-23,,True,312,2000-01-31,2025-12-31,
VST,Vistra Corp.,Utilities,VST,yahoo,2024-05-08,,True,110,2016-11-30,2025-12-31,
VSTNQ,,Unknown,VSTNQ,none,2000-06-29,2006-01-02,False,0,,,price_download_failed
VTR,"Ventas, Inc.",Real Estate,VTR,yahoo,2009-03-04,,True,312,2000-01-31,2025-12-31,
VTRS,Viatris,Health Care,VTRS,yahoo,2020-11-17,,True,312,2000-01-31,2025-12-31,
VTSS,,Unknown,VTSS,none,2000-12-12,2002-08-20,False,0,,,price_download_failed
VZ,Verizon,Communication Services,VZ,yahoo,1996-01-02,,True,312,2000-01-31,2025-12-31,
WAB,Wabtec,Industrials,WAB,yahoo,2019-02-27,,True,312,2000-01-31,2025-12-31,
WAMUQ,,Unknown,WAMUQ,none,1997-07-02,2008-09-29,False,0,,,price_download_failed
WAT,Waters Corporation,Health Care,WAT,yahoo,2002-01-02,,True,312,2000-01-31,2025-12-31,
WB,,Unknown,WB,yahoo,1996-01-02,2009-01-01,True,140,2014-05-31,2025-12-31,
WBA,,Unknown,WBA,none,1996-01-02,2025-08-27,False,0,,,price_download_failed
WBD,Warner Bros. Discovery,Communication Services,WBD,yahoo,2022-04-11,,True,245,2005-08-31,2025-12-31,
WCG,,Unknown,WCG,none,2018-09-17,2020-01-27,False,0,,,price_download_failed
WCOEQ,,Unknown,WCOEQ,none,1996-04-01,2002-05-14,False,0,,,price_download_failed
WDAY,"Workday, Inc.",Information Technology,WDAY,yahoo,2024-12-23,,True,158,2012-11-30,2025-12-31,
WDC,Western Digital,Information Technology,WDC,yahoo,2009-07-01,,True,312,2000-01-31,2025-12-31,
WEC,WEC Energy Group,Utilities,WEC,yahoo,2008-10-31,,True,312,2000-01-31,2025-12-31,
WELL,Welltower,Real Estate,WELL,yahoo,2009-01-30,,True,312,2000-01-31,2025-12-31,
WEN,Wendy's Company (The),Consumer Discretionary,WEN,yahoo,1996-01-02,2008-09-29,True,312,2000-01-31,2025-12-31,
WFC,Wells Fargo,Financials,WFC,yahoo,1996-01-02,,True,312,2000-01-31,2025-12-31,
WFM,,Unknown,WFM,none,2006-01-03,2017-08-27,False,0,,,price_download_failed
WFT,,Unknown,WFT,none,2005-07-22,2009-02-25,False,0,,,price_download_failed
WHR,Whirlpool Corporation,Consumer Discretionary,WHR,yahoo,1996-01-02,2024-03-17,True,312,2000-01-31,2025-12-31,
WIN,,Unknown,WIN,none,2006-07-18,2015-04-06,False,0,,,price_download_failed
WLA,,Unknown,WLA,none,1996-01-02,2000-06-19,False,0,,,price_download_failed
WLL,,Unknown,WLL,none,1996-01-02,2002-02-10,False,0,,,price_download_failed
WLP,,Unknown,WLP,none,1999-06-09,2004-11-30,False,0,,,price_download_failed
WLTW,,Unknown,WLTW,none,2016-01-05,2022-01-09,False,0,,,price_download_failed
WM,"Waste Management, Inc.",Industrials,WM,yahoo,1998-07-17,,True,312,2000-01-31,2025-12-31,
WMB,Williams Companies,Energy,WMB,yahoo,1996-01-02,,True,312,2000-01-31,2025-12-31,
WMT,Walmart,Consumer Staples,WMT,yahoo,1996-01-02,,True,312,2000-01-31,2025-12-31,
WNDXQ,,Unknown,WNDXQ,none,1996-01-02,2004-12-02,False,0,,,price_download_failed
WOR,,Unknown,WOR,yahoo,1996-01-02,2004-12-19,True,312,2000-01-31,2025-12-31,
WPX,,Unknown,WPX,none,2012-01-03,2014-03-23,False,0,,,price_download_failed
WRB,W. R. Berkley Corporation,Financials,WRB,yahoo,2019-12-05,,True,312,2000-01-31,2025-12-31,
WRK,,Unknown,WRK,none,2015-07-02,2024-07-07,False,0,,,price_download_failed
WSM,"Williams-Sonoma, Inc.",Consumer Discretionary,WSM,yahoo,2025-03-24,,True,312,2000-01-31,2025-12-31,
WST,West Pharmaceutical Services,Health Care,WST,yahoo,2020-05-22,,True,312,2000-01-31,2025-12-31,
WTW,Willis Towers Watson,Financials,WTW,yahoo,2022-01-10,,True,294,2001-07-31,2025-12-31,
WU,Western Union,Information Technology,WU,yahoo,2006-10-02,2021-12-19,True,230,2006-11-30,2025-12-31,
WWY,,Unknown,WWY,none,1996-01-02,2008-10-06,False,0,,,price_download_failed
WY,Weyerhaeuser,Real Estate,WY,yahoo,1996-01-02,,True,312,2000-01-31,2025-12-31,
WYE,,Unknown,WYE,none,1996-01-02,2009-10-15,False,0,,,price_download_failed
WYND,,Unknown,WYND,none,2006-08-01,2018-05-30,False,0,,,price_download_failed
WYNN,Wynn Resorts,Consumer Discretionary,WYNN,yahoo,2008-11-14,,True,278,2002-11-30,2025-12-31,
X,,Unknown,X,none,1996-01-02,2014-07-01,False,0,,,price_download_failed
XEC,,Unknown,XEC,none,2014-06-20,2020-03-02,False,0,,,price_download_failed
XEL,Xcel Energy,Utilities,XEL,yahoo,1996-01-02,,True,312,2000-01-31,2025-12-31,
XL,,Unknown,XL,none,2001-09-04,2018-09-11,False,0,,,price_download_failed
XLNX,,Unknown,XLNX,none,1999-11-08,2022-02-14,False,0,,,price_download_failed
XOM,ExxonMobil,Energy,XOM,yahoo,1996-01-02,,True,312,2000-01-31,2025-12-31,
XRAY,Dentsply Sirona,Health Care,XRAY,yahoo,2008-11-14,2024-04-02,True,312,2000-01-31,2025-12-31,
XRX,,Unknown,XRX,yahoo,1996-01-02,2021-03-21,True,312,2000-01-31,2025-12-31,
XTO,,Unknown,XTO,none,2004-12-29,2010-06-27,False,0,,,price_download_failed
XYL,Xylem Inc.,Industrials,XYL,yahoo,2011-11-01,,True,170,2011-11-30,2025-12-31,
XYZ,"Block, Inc.",Financials,XYZ,yahoo,2025-07-23,,True,121,2015-12-31,2025-12-31,
YNR,,Unknown,YNR,none,2000-01-06,2000-10-02,False,0,,,price_download_failed
YUM,Yum! Brands,Consumer Discretionary,YUM,yahoo,1997-10-07,,True,312,2000-01-31,2025-12-31,
ZBH,Zimmer Biomet,Health Care,ZBH,yahoo,2001-08-07,,True,293,2001-08-31,2025-12-31,
ZBRA,Zebra Technologies,Information Technology,ZBRA,yahoo,2019-12-23,,True,312,2000-01-31,2025-12-31,
ZION,Zions Bancorporation,Financials,ZION,yahoo,2001-06-25,2024-03-17,True,312,2000-01-31,2025-12-31,
ZTS,Zoetis,Health Care,ZTS,yahoo,2013-06-24,,True,154,2013-03-31,2025-12-31,
