ticker,name,sector
A,Agilent Technologies,Health Care
AA,Alcoa,Materials
AAL,American Airlines Group,Industrials
AAON,AAON,Industrials
AAPL,Apple Inc.,Information Technology
ABBV,AbbVie,Health Care
ABNB,Airbnb,Consumer Discretionary
ABT,Abbott Laboratories,Health Care
ACGL,Arch Capital Group,Financials
ACHC,Acadia Healthcare,Health Care
ACI,Albertsons,Consumer Staples
ACM,AECOM,Industrials
ACN,Accenture,Information Technology
ADBE,Adobe Inc.,Information Technology
ADC,Agree Realty,Real Estate
ADI,Analog Devices,Information Technology
ADM,Archer Daniels Midland,Consumer Staples
ADP,Automatic Data Processing,Industrials
ADSK,Autodesk,Information Technology
ADT,ADT Inc.,Consumer Discretionary
AEE,Ameren,Utilities
AEP,American Electric Power,Utilities
AES,AES Corporation,Utilities
AFG,American Financial Group,Financials
AFL,Aflac,Financials
AFRM,Affirm Holdings,Information Technology
AGCO,AGCO,Industrials
AGNC,AGNC Investment,Financials
AGO,Assured Guaranty,Financials
AIG,American International Group,Financials
AIT,Applied Industrial Technologies,Industrials
AIZ,Assurant,Financials
AJG,Arthur J. Gallagher & Co.,Financials
AKAM,Akamai Technologies,Information Technology
AL,Air Lease Corporation,Industrials
ALAB,Astera Labs,Information Technology
ALB,Albemarle Corporation,Materials
ALGM,Allegro MicroSystems,Information Technology
ALGN,Align Technology,Health Care
ALK,Alaska Air Group,Industrials
ALL,Allstate,Financials
ALLE,Allegion,Industrials
ALLY,Ally Financial,Financials
ALNY,Alnylam Pharmaceuticals,Health Care
ALSN,Allison Transmission,Industrials
AM,Antero Midstream,Energy
AMAT,Applied Materials,Information Technology
AMCR,Amcor,Materials
AMD,Advanced Micro Devices,Information Technology
AME,Ametek,Industrials
AMG,Affiliated Managers Group,Financials
AMGN,Amgen,Health Care
AMH,American Homes 4 Rent,Real Estate
AMKR,Amkor Technology,Information Technology
AMP,Ameriprise Financial,Financials
AMT,American Tower,Real Estate
AMTM,Amentum,Industrials
AMZN,Amazon,Consumer Discretionary
AN,AutoNation,Consumer Discretionary
ANET,Arista Networks,Information Technology
AON,Aon plc,Financials
AOS,A. O. Smith,Industrials
APA,APA Corporation,Energy
APD,Air Products,Materials
APG,APi Group,Industrials
APH,Amphenol,Information Technology
APO,Apollo Global Management,Financials
APP,AppLovin,Information Technology
APPF,AppFolio,Information Technology
APTV,Aptiv,Consumer Discretionary
AR,Antero Resources,Energy
ARE,Alexandria Real Estate Equities,Real Estate
ARES,Ares Management,Financials
ARMK,Aramark,Consumer Discretionary
ARW,Arrow Electronics,Information Technology
AS,Amer Sports,Consumer Discretionary
ASH,Ashland Global,Materials
ASTS,AST SpaceMobile,Communication Services
ATI,ATI Inc.,Industrials
ATO,Atmos Energy,Utilities
ATR,AptarGroup,Materials
AU,AngloGold Ashanti,Materials
AUR,Aurora Innovation,Information Technology
AVB,AvalonBay Communities,Real Estate
AVGO,Broadcom,Information Technology
AVT,Avnet,Information Technology
AVTR,Avantor,Health Care
AVY,Avery Dennison,Materials
AWI,Armstrong World Industries,Industrials
AWK,American Water Works,Utilities
AXON,Axon Enterprise,Industrials
AXP,American Express,Financials
AXS,AXIS Capital,Financials
AXTA,Axalta,Materials
AYI,Acuity Brands,Industrials
AZO,AutoZone,Consumer Discretionary
BA,Boeing,Industrials
BAC,Bank of America,Financials
BAH,Booz Allen Hamilton,Industrials
BALL,Ball Corporation,Materials
BAM,Brookfield Asset Management,Financials
BAX,Baxter International,Health Care
BBWI,"Bath & Body Works, Inc.",Consumer Discretionary
BBY,Best Buy,Consumer Discretionary
BC,Brunswick Corporation,Consumer Discretionary
BDX,Becton Dickinson,Health Care
BEN,Franklin Templeton Investments,Financials
BEPC,Brookfield Renewable Partners,Utilities
BF.A,Brown–Forman (Class A),Consumer Staples
BF.B,Brown–Forman (Class B),Consumer Staples
BFAM,Bright Horizons,Consumer Discretionary
BG,Bunge Global,Consumer Staples
BHF,Brighthouse Financial,Financials
BIIB,Biogen,Health Care
BILL,Bill.com,Information Technology
BIO,Bio-Rad Laboratories,Health Care
BIRK,Birkenstock,Consumer Discretionary
BJ,BJ's Wholesale Club,Consumer Staples
BKNG,Booking Holdings,Consumer Discretionary
BKR,Baker Hughes,Energy
BLD,TopBuild,Consumer Discretionary
BLDR,Builders FirstSource,Industrials
BLK,BlackRock,Financials
BLSH,Bullish,Financials
BMRN,BioMarin Pharmaceutical,Health Care
BMY,Bristol Myers Squibb,Health Care
BNY,BNY Mellon,Financials
BOKF,BOK Financial Corporation,Financials
BPOP,"Popular, Inc.",Financials
BR,Broadridge Financial Solutions,Industrials
BRBR,BellRing Brands,Consumer Staples
BRK.B,Berkshire Hathaway,Financials
BRKR,Bruker,Health Care
BRO,Brown & Brown,Financials
BROS,Dutch Bros Inc.,Consumer Discretionary
BRX,Brixmor Property Group,Real Estate
BSX,Boston Scientific,Health Care
BSY,Bentley Systems,Information Technology
BURL,Burlington Stores,Consumer Discretionary
BWA,BorgWarner,Consumer Discretionary
BWXT,BWX Technologies,Industrials
BX,Blackstone Inc.,Financials
BXP,"BXP, Inc.",Real Estate
BYD,Boyd Gaming,Consumer Discretionary
C,Citigroup,Financials
CACC,Credit Acceptance,Financials
CACI,CACI,Industrials
CAG,Conagra Brands,Consumer Staples
CAH,Cardinal Health,Health Care
CAI,Caris Life Sciences,Health Care
CAR,Avis Budget Group,Industrials
CARR,Carrier Global,Industrials
CART,Maplebear Inc.,Consumer Staples
CASY,Casey's,Consumer Staples
CAT,Caterpillar Inc.,Industrials
CAVA,Cava Group,Consumer Discretionary
CB,Chubb Limited,Financials
CBC,Central Bancompany,Financials
CBOE,Cboe Global Markets,Financials
CBRE,CBRE Group,Real Estate
CBSH,Commerce Bancshares,Financials
CCC,CCC Intelligent Solutions,Information Technology
CCI,Crown Castle,Real Estate
CCK,Crown Holdings,Materials
CCL,Carnival Corporation,Consumer Discretionary
CDNS,Cadence Design Systems,Information Technology
CDW,CDW,Information Technology
CE,Celanese,Materials
CEG,Constellation Energy,Utilities
CELH,Celsius Holdings,Consumer Staples
CERT,"Certara, Inc.",Health Care
CF,CF Industries,Materials
CFG,Citizens Financial Group,Financials
CFR,Frost Bank,Financials
CG,Carlyle Group (The),Financials
CGNX,Cognex Corporation,Information Technology
CHD,Church & Dwight,Consumer Staples
CHDN,Churchill Downs Incorporated,Consumer Discretionary
CHE,Chemed Corporation,Health Care
CHH,Choice Hotels,Consumer Discretionary
CHRD,Chord Energy,Energy
CHRW,C.H. Robinson,Industrials
CHTR,Charter Communications,Communication Services
CHWY,Chewy,Consumer Discretionary
CI,Cigna,Health Care
CIEN,Ciena,Information Technology
CINF,Cincinnati Financial,Financials
CL,Colgate-Palmolive,Consumer Staples
CLF,Cleveland-Cliffs,Materials
CLH,Clean Harbors,Industrials
CLVT,Clarivate,Industrials
CLX,Clorox,Consumer Staples
CMCSA,Comcast,Communication Services
CME,CME Group,Financials
CMG,Chipotle Mexican Grill,Consumer Discretionary
CMI,Cummins,Industrials
CMS,CMS Energy,Utilities
CNA,CNA Financial,Financials
CNC,Centene,Health Care
CNH,CNH Industrial,Industrials
CNM,Core & Main,Industrials
CNP,Centerpoint Energy,Utilities
CNXC,Concentrix,Information Technology
COF,Capital One,Financials
COHR,Coherent Corp.,Information Technology
COIN,Coinbase,Financials
COKE,Coca-Cola Consolidated,Consumer Staples
COLB,Columbia Banking System,Financials
COLD,Americold,Real Estate
COLM,Columbia Sportswear,Consumer Discretionary
COO,Cooper Companies (The),Health Care
COP,ConocoPhillips,Energy
COR,Cencora,Health Care
CORT,Corcept Therapeutics,Health Care
COST,Costco,Consumer Staples
COTY,Coty,Consumer Staples
CPAY,Corpay,Financials
CPB,Campbell Soup Company,Consumer Staples
CPNG,Coupang,Consumer Discretionary
CPRT,Copart,Industrials
CPT,Camden Property Trust,Real Estate
CR,Crane Co.,Industrials
CRCL,Circle Internet Group,Information Technology
CRH,CRH plc,Materials
CRL,Charles River Laboratories,Health Care
CRM,Salesforce,Information Technology
CROX,Crocs,Consumer Discretionary
CRS,Carpenter Technology Corporation,Materials
CRUS,Cirrus Logic,Information Technology
CRWD,CrowdStrike,Information Technology
CSCO,Cisco,Information Technology
CSGP,CoStar Group,Real Estate
CSL,Carlisle Companies,Industrials
CSX,CSX Corporation,Industrials
CTAS,Cintas,Industrials
CTSH,Cognizant,Information Technology
CTVA,Corteva,Materials
CUBE,CubeSmart,Real Estate
CUZ,Cousins Properties,Real Estate
CVNA,Carvana,Consumer Discretionary
CVS,CVS Health,Health Care
CVX,Chevron Corporation,Energy
CW,Curtiss-Wright,Industrials
CWEN,Clearway Energy (Class C),Utilities
CWEN.A,Clearway Energy (Class A),Utilities
CXT,Crane NXT,Industrials
CZR,Caesars Entertainment,Consumer Discretionary
D,Dominion Energy,Utilities
DAL,Delta Air Lines,Industrials
DAR,Darling Ingredients,Consumer Staples
DASH,DoorDash,Consumer Discretionary
DBX,Dropbox,Information Technology
DCI,Donaldson Company,Industrials
DD,DuPont,Materials
DDOG,Datadog,Information Technology
DDS,Dillard's,Consumer Discretionary
DE,Deere & Company,Industrials
DECK,Deckers Brands,Consumer Discretionary
DELL,Dell Technologies,Information Technology
DG,Dollar General,Consumer Staples
DGX,Quest Diagnostics,Health Care
DHI,D. R. Horton,Consumer Discretionary
DHR,Danaher Corporation,Health Care
DINO,HF Sinclair,Energy
DIS,Walt Disney Company (The),Communication Services
DJT,Trump Media & Technology Group,Communication Services
DKNG,DraftKings,Consumer Discretionary
DKS,Dick's Sporting Goods,Consumer Discretionary
DLB,Dolby Laboratories,Information Technology
DLR,Digital Realty,Real Estate
DLTR,Dollar Tree,Consumer Staples
DOC,Healthpeak Properties,Real Estate
DOCS,Doximity,Health Care
DOCU,DocuSign,Information Technology
DOV,Dover Corporation,Industrials
DOW,Dow Inc.,Materials
DOX,Amdocs,Information Technology
DPZ,Domino's,Consumer Discretionary
DRI,Darden Restaurants,Consumer Discretionary
DRS,Leonardo DRS,Industrials
DT,Dynatrace,Information Technology
DTE,DTE Energy,Utilities
DTM,DT Midstream,Energy
DUK,Duke Energy,Utilities
DUOL,Duolingo,Consumer Discretionary
DV,DoubleVerify,Information Technology
DVA,DaVita,Health Care
DVN,Devon Energy,Energy
DXC,DXC Technology,Information Technology
DXCM,Dexcom,Health Care
EA,Electronic Arts,Communication Services
EBAY,eBay,Consumer Discretionary
ECG,Everus Construction Group,Industrials
ECL,Ecolab,Materials
ED,Consolidated Edison,Utilities
EEFT,Euronet Worldwide,Financials
EFX,Equifax,Industrials
EG,Everest Group,Financials
EGP,EastGroup Properties,Real Estate
EHC,Encompass Health,Health Care
EIX,Edison International,Utilities
EL,Estée Lauder Companies (The),Consumer Staples
ELAN,Elanco,Health Care
ELF,e.l.f. Beauty,Consumer Staples
ELS,Equity Lifestyle Properties,Real Estate
ELV,Elevance Health,Health Care
EME,Emcor,Industrials
EMN,Eastman Chemical Company,Materials
EMR,Emerson Electric,Industrials
ENPH,Enphase Energy,Information Technology
ENTG,Entegris,Information Technology
EOG,EOG Resources,Energy
EPAM,EPAM Systems,Information Technology
EPR,EPR Properties,Real Estate
EQH,Equitable Holdings,Financials
EQIX,Equinix,Real Estate
EQR,Equity Residential,Real Estate
EQT,EQT Corporation,Energy
ES,Eversource Energy,Utilities
ESAB,ESAB,Industrials
ESI,Element Solutions,Materials
ESS,Essex Property Trust,Real Estate
ESTC,Elastic NV,Information Technology
ETN,Eaton Corporation,Industrials
ETR,Entergy,Utilities
ETSY,Etsy,Consumer Discretionary
EVR,Evercore,Financials
EVRG,Evergy,Utilities
EW,Edwards Lifesciences,Health Care
EWBC,East West Bancorp,Financials
EXC,Exelon,Utilities
EXE,Expand Energy,Energy
EXEL,Exelixis,Health Care
EXLS,EXL Service,Industrials
EXP,Eagle Materials,Materials
EXPD,Expeditors International,Industrials
EXPE,Expedia Group,Consumer Discretionary
EXR,Extra Space Storage,Real Estate
F,Ford Motor Company,Consumer Discretionary
FAF,First American Financial Corporation,Financials
FANG,Diamondback Energy,Energy
FAST,Fastenal,Industrials
FBIN,Fortune Brands Innovations,Industrials
FCN,FTI Consulting,Industrials
FCNCA,First Citizens BancShares,Financials
FCX,Freeport-McMoRan,Materials
FDS,FactSet,Financials
FDX,FedEx,Industrials
FE,FirstEnergy,Utilities
FERG,Ferguson Enterprises,Industrials
FFIV,"F5, Inc.",Information Technology
FHB,"First Hawaiian, Inc.",Financials
FHN,First Horizon Corporation,Financials
FICO,Fair Isaac,Information Technology
FIGR,Figure Technology Solutions,Financials
FIS,Fidelity National Information Services,Financials
FISV,Fiserv,Financials
FITB,Fifth Third Bancorp,Financials
FIVE,Five Below,Consumer Discretionary
FIX,Comfort Systems USA,Industrials
FLEX,Flex Ltd.,Information Technology
FLO,Flowers Foods,Consumer Staples
FLS,Flowserve,Industrials
FLUT,Flutter Entertainment,Consumer Discretionary
FMC,FMC Corporation,Materials
FNB,FNB Corporation,Financials
FND,Floor & Decor,Consumer Discretionary
FNF,Fidelity National Financial,Financials
FOUR,Shift4,Information Technology
FOX,Fox Corporation (Class B),Communication Services
FOXA,Fox Corporation (Class A),Communication Services
FR,First Industrial Realty Trust,Real Estate
FRHC,Freedom Holding,Financials
FRMI,Fermi Inc.,Real Estate
FRPT,Freshpet,Consumer Staples
FRT,Federal Realty Investment Trust,Real Estate
FSLR,First Solar,Information Technology
FTAI,FTAI Aviation,Industrials
FTI,TechnipFMC,Energy
FTNT,Fortinet,Information Technology
FTV,Fortive,Industrials
FWONA,Liberty Formula 1 (Series A),Communication Services
FWONK,Liberty Formula 1 (Series C),Communication Services
G,Genpact,Industrials
GAP,Gap Inc.,Consumer Discretionary
GD,General Dynamics,Industrials
GDDY,GoDaddy,Information Technology
GE,GE Aerospace,Industrials
GEHC,GE HealthCare,Health Care
GEN,Gen Digital,Information Technology
GEV,GE Vernova,Industrials
GFS,GlobalFoundries,Information Technology
GGG,Graco Inc.,Industrials
GILD,Gilead Sciences,Health Care
GIS,General Mills,Consumer Staples
GL,Globe Life,Financials
GLIBA,GCI Liberty (Series A),Communication Services
GLIBK,GCI Liberty (Series C),Communication Services
GLOB,Globant,Information Technology
GLPI,Gaming and Leisure Properties,Real Estate
GLW,Corning Inc.,Information Technology
GM,General Motors,Consumer Discretionary
GME,GameStop,Consumer Discretionary
GMED,Globus Medical,Health Care
GNRC,Generac,Industrials
GNTX,Gentex,Consumer Discretionary
GOOG,Alphabet (Class C),Communication Services
GOOGL,Alphabet (Class A),Communication Services
GPC,Genuine Parts Company,Consumer Discretionary
GPK,Graphic Packaging,Materials
GPN,Global Payments,Financials
GRMN,Garmin,Consumer Discretionary
GS,Goldman Sachs,Financials
GTES,Gates Corporation,Industrials
GTLB,GitLab,Information Technology
GTM,ZoomInfo,Communication Services
GWRE,Guidewire Software,Information Technology
GWW,W. W. Grainger,Industrials
GXO,GXO Logistics,Industrials
H,Hyatt Hotels,Consumer Discretionary
HAL,Halliburton,Energy
HALO,Halozyme,Health Care
HAS,Hasbro,Consumer Discretionary
HAYW,Hayward Holdings,Industrials
HBAN,Huntington Bancshares,Financials
HCA,HCA Healthcare,Health Care
HD,Home Depot (The),Consumer Discretionary
HEI,HEICO (Common),Industrials
HEI.A,HEICO (Class A),Industrials
HHH,Howard Hughes Holdings,Real Estate
HIG,Hartford (The),Financials
HII,Huntington Ingalls Industries,Industrials
HIW,Highwoods Properties,Real Estate
HLI,Houlihan Lokey,Financials
HLNE,Hamilton Lane,Financials
HLT,Hilton Worldwide,Consumer Discretionary
HOG,Harley-Davidson,Consumer Discretionary
HON,Honeywell,Industrials
HOOD,Robinhood Markets,Financials
HPE,Hewlett Packard Enterprise,Information Technology
HPQ,HP Inc.,Information Technology
HR,Healthcare Realty Trust,Real Estate
HRB,H&R Block,Consumer Discretionary
HRL,Hormel Foods,Consumer Staples
HSIC,Schein (Henry),Health Care
HST,Host Hotels & Resorts,Real Estate
HSY,Hershey Company (The),Consumer Staples
HUBB,Hubbell Incorporated,Industrials
HUBS,HubSpot,Information Technology
HUM,Humana,Health Care
HUN,Huntsman Corporation,Materials
HWM,Howmet Aerospace,Industrials
HXL,Hexcel,Industrials
IAC,IAC Inc.,Communication Services
IBKR,Interactive Brokers,Financials
IBM,IBM,Information Technology
ICE,Intercontinental Exchange,Financials
IDA,Idacorp,Utilities
IDXX,Idexx Laboratories,Health Care
IEX,IDEX Corporation,Industrials
IFF,International Flavors & Fragrances,Materials
ILMN,"Illumina, Inc.",Health Care
INCY,Incyte,Health Care
INGM,Ingram Micro,Information Technology
INGR,Ingredion,Consumer Staples
INSM,Insmed,Health Care
INSP,Inspire Medical Systems,Health Care
INTC,Intel,Information Technology
INTU,Intuit,Information Technology
INVH,Invitation Homes,Real Estate
IONS,Ionis Pharmaceuticals,Health Care
IOT,Samsara,Information Technology
IP,International Paper,Materials
IPGP,IPG Photonics,Information Technology
IQV,IQVIA,Health Care
IR,Ingersoll Rand,Industrials
IRDM,Iridium Communications,Communication Services
IRM,Iron Mountain,Real Estate
ISRG,Intuitive Surgical,Health Care
IT,Gartner,Information Technology
ITT,ITT Inc.,Industrials
ITW,Illinois Tool Works,Industrials
IVZ,Invesco,Financials
J,Jacobs Solutions,Industrials
JAZZ,Jazz Pharmaceuticals,Health Care
JBHT,J. B. Hunt,Industrials
JBL,Jabil,Information Technology
JCI,Johnson Controls,Industrials
JEF,Jefferies Financial Group,Financials
JHG,Janus Henderson,Financials
JHX,James Hardie Industries,Materials
JKHY,Jack Henry & Associates,Financials
JLL,Jones Lang LaSalle,Real Estate
JNJ,Johnson & Johnson,Health Care
JPM,JPMorgan Chase,Financials
KBR,"KBR, Inc.",Industrials
KD,Kyndryl,Information Technology
KDP,Keurig Dr Pepper,Consumer Staples
KEX,Kirby Corporation,Industrials
KEY,Keycorp,Financials
KEYS,Keysight,Information Technology
KHC,Kraft Heinz,Consumer Staples
KIM,Kimco Realty,Real Estate
KKR,KKR & Co. Inc.,Financials
KLAC,KLA Corporation,Information Technology
KMB,Kimberly-Clark,Consumer Staples
KMI,Kinder Morgan,Energy
KMPR,Kemper Corporation,Financials
KMX,CarMax,Consumer Discretionary
KNSL,Kinsale Capital Group,Financials
KNX,Knight-Swift,Industrials
KO,Coca-Cola Company (The),Consumer Staples
KR,Kroger,Consumer Staples
KRC,Kilroy Realty,Real Estate
KRMN,Karman Holdings,Industrials
KVUE,Kenvue,Consumer Staples
L,Loews Corporation,Financials
LAD,Lithia Motors,Consumer Discretionary
LAMR,Lamar Advertising,Real Estate
LAZ,Lazard,Financials
LBRDA,Liberty Broadband (Series A),Communication Services
LBRDK,Liberty Broadband (Series C),Communication Services
LBTYA,Liberty Global (Series A),Communication Services
LBTYK,Liberty Global (Series C),Communication Services
LCID,Lucid Motors,Consumer Discretionary
LDOS,Leidos,Industrials
LEA,Lear Corporation,Consumer Discretionary
LECO,Lincoln Electric,Industrials
LEN,Lennar (Class A),Consumer Discretionary
LEN.B,Lennar (Class B),Consumer Discretionary
LFUS,Littelfuse,Information Technology
LH,Labcorp,Health Care
LHX,L3Harris,Industrials
LII,Lennox International,Industrials
LIN,Linde plc,Materials
LINE,"Lineage, Inc.",Real Estate
LITE,Lumentum,Information Technology
LKQ,LKQ Corporation,Consumer Discretionary
LLY,Lilly (Eli),Health Care
LLYVA,Liberty Live (Series A),Communication Services
LLYVK,Liberty Live (Series C),Communication Services
LMT,Lockheed Martin,Industrials
LNC,Lincoln Financial,Financials
LNG,Cheniere Energy,Energy
LNT,Alliant Energy,Utilities
LOAR,Loar Holdings,Industrials
LOPE,Grand Canyon Education,Consumer Discretionary
LOW,Lowe's,Consumer Discretionary
LPLA,LPL Financial,Financials
LPX,Louisiana-Pacific,Materials
LRCX,Lam Research,Information Technology
LSCC,Lattice Semiconductor,Information Technology
LSTR,Landstar,Industrials
LULU,Lululemon Athletica,Consumer Discretionary
LUV,Southwest Airlines,Industrials
LVS,Las Vegas Sands,Consumer Discretionary
LW,Lamb Weston,Consumer Staples
LYB,LyondellBasell,Materials
LYFT,Lyft,Industrials
LYV,Live Nation Entertainment,Communication Services
M,"Macy's, Inc.",Consumer Discretionary
MA,Mastercard,Financials
MAA,Mid-America Apartment Communities,Real Estate
MAN,ManpowerGroup,Industrials
MANH,Manhattan Associates,Information Technology
MAR,Marriott International,Consumer Discretionary
MAS,Masco,Industrials
MASI,Masimo,Health Care
MAT,Mattel,Consumer Discretionary
MCD,McDonald's,Consumer Discretionary
MCHP,Microchip Technology,Information Technology
MCK,McKesson Corporation,Health Care
MCO,Moody's Corporation,Financials
MDB,MongoDB Inc.,Information Technology
MDLN,Medline Inc.,Health Care
MDLZ,Mondelez International,Consumer Staples
MDT,Medtronic,Health Care
MDU,MDU Resources,Utilities
MEDP,Medpace,Health Care
MET,Metlife,Financials
META,Meta Platforms,Communication Services
MGM,MGM Resorts International,Consumer Discretionary
MHK,Mohawk Industries,Consumer Discretionary
MIDD,Middleby,Industrials
MKC,McCormick & Company,Consumer Staples
MKL,Markel,Financials
MKSI,MKS Instruments,Information Technology
MKTX,MarketAxess,Financials
MLI,Mueller Industries,Industrials
MLM,Martin Marietta Materials,Materials
MMM,3M,Industrials
MNST,Monster Beverage,Consumer Staples
MO,Altria,Consumer Staples
MOH,Molina Healthcare,Health Care
MORN,"Morningstar, Inc.",Financials
MOS,Mosaic Company (The),Materials
MP,MP Materials,Materials
MPC,Marathon Petroleum,Energy
MPT,Medical Properties Trust,Real Estate
MPWR,Monolithic Power Systems,Information Technology
MRK,Merck & Co.,Health Care
MRNA,Moderna,Health Care
MRP,Millrose Properties,Consumer Discretionary
MRSH,Marsh McLennan,Financials
MRVL,Marvell Technology,Information Technology
MS,Morgan Stanley,Financials
MSA,MSA Safety,Industrials
MSCI,MSCI,Financials
MSFT,Microsoft,Information Technology
MSGS,Madison Square Garden Sports,Communication Services
MSI,Motorola Solutions,Information Technology
MSM,MSC Industrial Direct,Industrials
MSTR,MicroStrategy,Information Technology
MTB,M&T Bank,Financials
MTCH,Match Group,Communication Services
MTD,Mettler Toledo,Health Care
MTDR,Matador Resources,Energy
MTG,MGIC Investment Corporation,Financials
MTN,Vail Resorts,Consumer Discretionary
MTSI,MACOM Technology Solutions,Information Technology
MTZ,MasTec,Industrials
MU,Micron Technology,Information Technology
MUSA,Murphy USA,Consumer Discretionary
NBIX,Neurocrine Biosciences,Health Care
NCLH,Norwegian Cruise Line Holdings,Consumer Discretionary
NCNO,nCino,Information Technology
NDAQ,"Nasdaq, Inc.",Financials
NDSN,Nordson,Industrials
NEE,NextEra Energy,Utilities
NEM,Newmont,Materials
NET,Cloudflare,Information Technology
NEU,NewMarket,Materials
NFG,National Fuel Gas,Utilities
NFLX,Netflix,Communication Services
NI,NiSource,Utilities
NIQ,NIQ Global Intelligence,Communication Services
NKE,"Nike, Inc.",Consumer Discretionary
NLY,Annaly Capital Management,Financials
NNN,NNN Reit,Real Estate
NOC,Northrop Grumman,Industrials
NOV,NOV Inc.,Energy
NOW,ServiceNow,Information Technology
NRG,NRG Energy,Utilities
NSA,National Storage Affiliates,Real Estate
NSC,Norfolk Southern,Industrials
NTAP,Netapp,Information Technology
NTNX,Nutanix,Information Technology
NTRA,Natera,Health Care
NTRS,Northern Trust,Financials
NU,Nubank,Financials
NUE,Nucor,Materials
NVDA,Nvidia,Information Technology
NVR,"NVR, Inc.",Consumer Discretionary
NVST,Envista,Health Care
NVT,nVent Electric,Industrials
NWL,Newell Brands,Consumer Discretionary
NWS,News Corp (Class B),Communication Services
NWSA,News Corp (Class A),Communication Services
NXST,Nexstar Media Group,Communication Services
NYT,New York Times Company,Communication Services
O,Realty Income,Real Estate
OC,Owens Corning,Industrials
ODFL,Old Dominion Freight Line,Industrials
OGE,OGE Energy,Utilities
OGN,Organon & Co.,Health Care
OHI,Omega Healthcare Investors,Real Estate
OKE,Oneok,Energy
OKTA,"Okta, Inc.",Information Technology
OLED,Universal Display Corporation,Information Technology
OLLI,Ollie's Bargain Outlet,Consumer Discretionary
OLN,Olin Corporation,Materials
OMC,Omnicom Group,Communication Services
OMF,OneMain Financial,Financials
ON,ON Semiconductor,Information Technology
ONON,On Holding AG,Consumer Discretionary
ONTO,Onto Innovation,Information Technology
ORCL,Oracle Corporation,Information Technology
ORI,Old Republic International,Financials
ORLY,O'Reilly Auto Parts,Consumer Discretionary
OSK,Oshkosh Corporation,Industrials
OTIS,Otis Worldwide,Industrials
OVV,Ovintiv,Energy
OWL,Blue Owl Capital,Financials
OXY,Occidental Petroleum,Energy
OZK,Bank OZK,Financials
PAG,Penske Automotive Group,Consumer Discretionary
PANW,Palo Alto Networks,Information Technology
PATH,UiPath,Information Technology
PAYC,Paycom,Information Technology
PAYX,Paychex,Industrials
PB,Prosperity Bancshares,Financials
PCAR,Paccar,Industrials
PCG,PG&E Corporation,Utilities
PCOR,Procore,Information Technology
PCTY,Paylocity,Information Technology
PEG,Public Service Enterprise Group,Utilities
PEGA,Pegasystems,Information Technology
PEN,"Penumbra, Inc.",Health Care
PENN,Penn Entertainment,Consumer Discretionary
PEP,PepsiCo,Consumer Staples
PFE,Pfizer,Health Care
PFG,Principal Financial Group,Financials
PFGC,Performance Food Group,Consumer Staples
PG,Procter & Gamble,Consumer Staples
PGR,Progressive Corporation,Financials
PH,Parker Hannifin,Industrials
PHM,PulteGroup,Consumer Discretionary
PINS,Pinterest,Communication Services
PK,Park Hotels & Resorts,Real Estate
PKG,Packaging Corporation of America,Materials
PLD,Prologis,Real Estate
PLNT,Planet Fitness,Consumer Discretionary
PLTR,Palantir Technologies,Information Technology
PM,Philip Morris International,Consumer Staples
PNC,PNC Financial Services,Financials
PNFP,Pinnacle Financial Partners,Financials
PNR,Pentair,Industrials
PNW,Pinnacle West Capital,Utilities
PODD,Insulet,Health Care
POOL,Pool Corporation,Consumer Discretionary
POST,Post Holdings,Consumer Staples
PPC,Pilgrim's Pride,Consumer Staples
PPG,PPG Industries,Materials
PPL,PPL Corporation,Utilities
PR,Permian Resources,Energy
PRGO,Perrigo,Health Care
PRI,Primerica,Financials
PRMB,Primo Brands,Consumer Staples
PRU,Prudential Financial,Financials
PSA,Public Storage,Real Estate
PSN,Parsons Corporation,Industrials
PSTG,Everpure,Information Technology
PSX,Phillips 66,Energy
PTC,PTC Inc.,Information Technology
PVH,PVH Corp.,Consumer Discretionary
PWR,Quanta Services,Industrials
PYPL,PayPal,Financials
Q,Qnity Electronics,Information Technology
QCOM,Qualcomm,Information Technology
QGEN,Qiagen,Health Care
QRVO,Qorvo,Information Technology
QS,QuantumScape,Consumer Discretionary
QSR,Restaurant Brands International,Consumer Discretionary
QXO,"QXO, Inc.",Industrials
R,Ryder,Industrials
RAL,Ralliant,Information Technology
RARE,Ultragenyx,Health Care
RBA,RB Global,Industrials
RBC,RBC Bearings,Industrials
RBLX,Roblox Corporation,Communication Services
RBRK,Rubrik,Information Technology
RCL,Royal Caribbean Group,Consumer Discretionary
RDDT,Reddit,Communication Services
REG,Regency Centers,Real Estate
REGN,Regeneron Pharmaceuticals,Health Care
REXR,Rexford Industrial,Real Estate
REYN,Reynolds Consumer Products,Consumer Staples
RF,Regions Financial Corporation,Financials
RGA,Reinsurance Group of America,Financials
RGEN,Repligen,Health Care
RGLD,Royal Gold,Materials
RH,RH,Consumer Discretionary
RHI,Robert Half,Industrials
RITM,Rithm Capital,Financials
RIVN,Rivian,Consumer Discretionary
RJF,Raymond James Financial,Financials
RKLB,Rocket Lab,Industrials
RKT,Rocket Companies,Financials
RL,Ralph Lauren Corporation,Consumer Discretionary
RLI,RLI Corp.,Financials
RMD,Resmed,Health Care
RNG,RingCentral,Information Technology
RNR,RenaissanceRe,Financials
ROIV,Roivant Sciences,Health Care
ROK,Rockwell Automation,Industrials
ROKU,"Roku, Inc.",Communication Services
ROL,"Rollins, Inc.",Industrials
ROP,Roper Technologies,Industrials
ROST,Ross Stores,Consumer Discretionary
RPM,RPM International,Materials
RPRX,Royalty Pharma,Health Care
RRC,Range Resources,Energy
RRX,Regal Rexnord,Industrials
RS,"Reliance, Inc.",Materials
RSG,Republic Services,Industrials
RTX,RTX Corporation,Industrials
RVMD,Revolution Medicines,Health Care
RVTY,Revvity,Health Care
RYAN,Ryan Specialty,Financials
RYN,Rayonier,Real Estate
S,SentinelOne,Information Technology
SAIA,Saia,Industrials
SAIC,SAIC,Industrials
SAIL,SailPoint,Information Technology
SAM,Boston Beer Company,Consumer Staples
SARO,StandardAero,Industrials
SBAC,SBA Communications,Real Estate
SBUX,Starbucks,Consumer Discretionary
SCCO,Southern Copper,Materials
SCHW,Charles Schwab Corporation,Financials
SCI,Service Corporation International,Consumer Discretionary
SEB,Seaboard Corporation,Consumer Staples
SEIC,SEI Investments Company,Financials
SF,Stifel,Financials
SFD,Smithfield Foods,Consumer Staples
SFM,Sprouts Farmers Market,Consumer Staples
SGI,Somnigroup International,Consumer Discretionary
SHC,Sotera Health,Health Care
SHW,Sherwin-Williams,Materials
SIRI,Sirius XM,Communication Services
SITE,SiteOne Landscape Supply,Industrials
SJM,J.M. Smucker Company (The),Consumer Staples
SLB,Schlumberger,Energy
SLGN,Silgan Holdings,Materials
SLM,Sallie Mae,Financials
SMCI,Supermicro,Information Technology
SMG,Scotts Miracle-Gro Company,Materials
SMMT,Summit Therapeutics,Health Care
SN,SharkNinja,Consumer Discretionary
SNA,Snap-on,Industrials
SNDK,SanDisk,Information Technology
SNDR,Schneider National,Industrials
SNOW,Snowflake Inc.,Information Technology
SNPS,Synopsys,Information Technology
SNX,TD Synnex,Information Technology
SO,Southern Company,Utilities
SOFI,SoFi,Financials
SOLS,Solstice Advanced Materials,Materials
SOLV,Solventum,Health Care
SON,Sonoco,Materials
SPG,Simon Property Group,Real Estate
SPGI,S&P Global,Financials
SPOT,Spotify,Communication Services
SRE,Sempra,Utilities
SRPT,Sarepta Therapeutics,Health Care
SSB,SouthState Corporation,Financials
SSD,Simpson Manufacturing Company,Industrials
SSNC,SS&C Technologies,Information Technology
ST,Sensata Technologies,Industrials
STAG,STAG Industrial,Real Estate
STE,Steris,Health Care
STLD,Steel Dynamics,Materials
STT,State Street Corporation,Financials
STWD,Starwood Property Trust,Financials
STZ,Constellation Brands,Consumer Staples
SUI,Sun Communities,Real Estate
SW,Smurfit Westrock,Materials
SWK,Stanley Black & Decker,Industrials
SWKS,Skyworks Solutions,Information Technology
SYF,Synchrony Financial,Financials
SYK,Stryker Corporation,Health Care
SYY,Sysco,Consumer Staples
T,AT&T,Communication Services
TAP,Molson Coors,Consumer Staples
TDC,Teradata,Information Technology
TDG,TransDigm Group,Industrials
TDY,Teledyne Technologies,Industrials
TEAM,Atlassian,Information Technology
TECH,Bio-Techne,Health Care
TEM,Tempus AI,Health Care
TER,Teradyne,Information Technology
TFC,Truist Financial,Financials
TFSL,Third Federal S&L,Financials
TFX,Teleflex,Health Care
TGT,Target Corporation,Consumer Staples
THC,Tenet Healthcare,Health Care
THG,Hanover Insurance,Financials
THO,Thor Industries,Consumer Discretionary
TIGO,Millicom,Communication Services
TJX,TJX Companies,Consumer Discretionary
TKO,TKO Group Holdings,Communication Services
TKR,Timken Company,Industrials
TLN,Talen Energy,Utilities
TMO,Thermo Fisher Scientific,Health Care
TMUS,T-Mobile US,Communication Services
TNL,Travel + Leisure Co.,Consumer Discretionary
TOL,Toll Brothers,Consumer Discretionary
TOST,"Toast, Inc.",Information Technology
TPG,TPG Inc.,Financials
TPL,Texas Pacific Land Corporation,Energy
TPR,"Tapestry, Inc.",Consumer Discretionary
TREX,"Trex Company, Inc.",Industrials
TRGP,Targa Resources,Energy
TRMB,Trimble Inc.,Information Technology
TROW,T. Rowe Price,Financials
TRU,TransUnion,Industrials
TRV,Travelers Companies (The),Financials
TSCO,Tractor Supply Company,Consumer Discretionary
TSLA,"Tesla, Inc.",Consumer Discretionary
TSN,Tyson Foods,Consumer Staples
TT,Trane Technologies,Industrials
TTC,Toro Company (The),Industrials
TTD,Trade Desk (The),Communication Services
TTEK,Tetra Tech,Industrials
TTWO,Take-Two Interactive,Communication Services
TW,Tradeweb,Financials
TWLO,Twilio,Information Technology
TXN,Texas Instruments,Information Technology
TXRH,Texas Roadhouse,Consumer Discretionary
TXT,Textron,Industrials
TYL,Tyler Technologies,Information Technology
U,Unity Technologies,Information Technology
UA,Under Armour (Class C),Consumer Discretionary
UAA,Under Armour (Class A),Consumer Discretionary
UAL,United Airlines Holdings,Industrials
UBER,Uber,Industrials
UDR,"UDR, Inc.",Real Estate
UGI,UGI Corporation,Utilities
UHAL,U-Haul,Industrials
UHAL.B,U-Haul (Series N),Industrials
UHS,Universal Health Services,Health Care
UI,Ubiquiti,Information Technology
ULTA,Ulta Beauty,Consumer Discretionary
UNH,UnitedHealth Group,Health Care
UNM,Unum,Financials
UNP,Union Pacific Corporation,Industrials
UPS,United Parcel Service,Industrials
URI,United Rentals,Industrials
USB,U.S. Bancorp,Financials
USFD,US Foods,Consumer Staples
UTHR,United Therapeutics,Health Care
UWMC,United Wholesale Mortgage,Financials
V,Visa Inc.,Financials
VEEV,Veeva Systems,Health Care
VFC,VF Corporation,Consumer Discretionary
VGNT,Versigent,Consumer Discretionary
VICI,Vici Properties,Real Estate
VIK,Viking Holdings,Consumer Discretionary
VIRT,Virtu Financial,Financials
VKTX,Viking Therapeutics,Health Care
VLO,Valero Energy,Energy
VLTO,Veralto,Industrials
VMC,Vulcan Materials,Materials
VMI,Valmont Industries,Industrials
VNO,Vornado Realty Trust,Real Estate
VNOM,Viper Energy,Energy
VNT,Vontier,Information Technology
VOYA,Voya Financial,Financials
VRSK,Verisk Analytics,Industrials
VRSN,Verisign,Information Technology
VRT,Vertiv,Industrials
VRTX,Vertex Pharmaceuticals,Health Care
VSNT,Versant,Communication Services
VST,Vistra Corp.,Utilities
VTR,"Ventas, Inc.",Real Estate
VTRS,Viatris,Health Care
VVV,Valvoline,Materials
VZ,Verizon,Communication Services
W,Wayfair,Consumer Discretionary
WAB,Wabtec,Industrials
WAL,Western Alliance Bancorporation,Financials
WAT,Waters Corporation,Health Care
WBD,Warner Bros. Discovery,Communication Services
WBS,Webster Bank,Financials
WCC,Wesco International,Industrials
WDAY,"Workday, Inc.",Information Technology
WDC,Western Digital,Information Technology
WEC,WEC Energy Group,Utilities
WELL,Welltower,Real Estate
WEN,Wendy's Company (The),Consumer Discretionary
WEX,WEX Inc.,Financials
WFC,Wells Fargo,Financials
WFRD,Weatherford International,Energy
WH,Wyndham Hotels & Resorts,Consumer Discretionary
WHR,Whirlpool Corporation,Consumer Discretionary
WING,Wingstop,Consumer Discretionary
WLK,Westlake Corporation,Materials
WM,"Waste Management, Inc.",Industrials
WMB,Williams Companies,Energy
WMS,Advanced Drainage Systems,Industrials
WMT,Walmart,Consumer Staples
WPC,W. P. Carey,Real Estate
WRB,W. R. Berkley Corporation,Financials
WSC,WillScot Mobile Mini,Industrials
WSM,"Williams-Sonoma, Inc.",Consumer Discretionary
WSO,Watsco,Industrials
WST,West Pharmaceutical Services,Health Care
WTFC,Wintrust Financial,Financials
WTM,White Mountains Insurance Group,Financials
WTRG,Essential Utilities,Utilities
WTW,Willis Towers Watson,Financials
WU,Western Union,Information Technology
WWD,"Woodward, Inc.",Industrials
WY,Weyerhaeuser,Real Estate
WYNN,Wynn Resorts,Consumer Discretionary
XEL,Xcel Energy,Utilities
XOM,ExxonMobil,Energy
XP,XP Inc.,Financials
XPO,"XPO, Inc.",Industrials
XRAY,Dentsply Sirona,Health Care
XYL,Xylem Inc.,Industrials
XYZ,"Block, Inc.",Financials
YETI,Yeti Holdings,Consumer Discretionary
YUM,Yum! Brands,Consumer Discretionary
Z,Zillow (Class C),Real Estate
ZBH,Zimmer Biomet,Health Care
ZBRA,Zebra Technologies,Information Technology
ZG,Zillow (Class A),Real Estate
ZION,Zions Bancorporation,Financials
ZM,Zoom Communications,Information Technology
ZS,Zscaler,Information Technology
ZTS,Zoetis,Health Care
